path,bytes,sha256,created_time_local_fs,modified_time,category,git_tracked
analysis_out/current_results_summary.docx,670870,408bd8ac3ba4b05296159df852258db308b5b6faa65043dba4db6e9f9143bdc8,2026-04-07T08:52:39,2026-04-07T09:03:40,document_or_figure,no
analysis_out/seg4_20260522/quick_angle_corr/angle_correlations.csv,2661,2da6f33d0c8db03b4d95ca6d05e65696913b1dcf161b7d551ece5eef9f137ef4,2026-05-22T09:55:56,2026-05-22T09:55:56,tabular_data_or_output,no
analysis_out/seg4_20260522/quick_angle_corr/angle_correlations_subject_mean.csv,2278,c587531158303e06cb61523f5032218fa6e0fd7e59700f9403eceb36c9e3cb75,2026-05-22T09:57:11,2026-05-22T09:57:11,tabular_data_or_output,no
analysis_out/seg4_20260522/quick_angle_corr/angle_dataset.csv,130162,c824ce9150646884ff694d774f4c67ac85a4fdcf31c835dd77e080a7c9206339,2026-05-22T09:55:56,2026-05-22T09:55:56,tabular_data_or_output,no
analysis_out/seg4_20260522/quick_angle_corr/angle_only_cv_predictions.csv,186595,e5660cefe096e6b1818b31d1d77f0b51a80fb3815dd82657ba441a231d376f0c,2026-05-22T09:56:02,2026-05-22T09:56:02,tabular_data_or_output,no
analysis_out/seg4_20260522/quick_angle_corr/angle_only_grouped_cv_predictions.csv,184856,926deaf6514a2e8e899e45a5ffa40897272f875bf6ad46135b11d2df32c5adf7,2026-05-22T09:56:54,2026-05-22T09:56:54,tabular_data_or_output,no
analysis_out/seg4_20260522/quick_angle_corr/angle_only_grouped_model_comparison.csv,1744,ea233c85dbb30e805dcea2946b30ecdf80a64f099b8a4211d508ef0b54591c07,2026-05-22T09:56:54,2026-05-22T09:56:54,tabular_data_or_output,no
analysis_out/seg4_20260522/quick_angle_corr/angle_only_model_comparison.csv,1537,782d5bb9ee4fd173e0b2aa4c5a4fce99f01ff0dcb620517f05c86e728cb40f05,2026-05-22T09:56:02,2026-05-22T09:56:02,tabular_data_or_output,no
analysis_out/seg4_20260522/quick_angle_corr/plane_features_quick.csv,150517,f4d75e5610f1582b52e49534f3e4147e3556c8f8b4faf4e6e54cf146a1db0d03,2026-05-22T09:55:56,2026-05-22T09:55:56,tabular_data_or_output,no
analysis_out/seg4_20260522/quick_angle_corr/README.md,1816,3d0d210089f49f2cfdef499a04e8fe7e00e1ad2eb5e87ae081890337d06bed92,2026-05-22T09:57:51,2026-05-22T09:57:51,documentation_or_other,no
analysis_out/seg4_20260522/quick_angle_corr/summary.json,1044,5127345c9617a45211b1efe3507101a670a8256ed55ce9f62eadd04483c46c73,2026-05-22T09:56:02,2026-05-22T09:56:02,configuration_or_machine_readable_output,no
analysis_out/seg4_20260522/quick_angle_corr/volumes_mm3_quick.csv,36837,b40f43babf9d4466c15ccdfef085f3d33a5aa03c47262702de830cd977274be7,2026-05-22T09:55:56,2026-05-22T09:55:56,tabular_data_or_output,no
analysis_out/updated_20260509/els_tv_model/cv_predictions.csv,37452,f1d486c00106dfd6fe433d4247484c73139aca429cbccc18202393c404a8141c,2026-05-09T10:59:39,2026-05-09T10:59:39,tabular_data_or_output,no
analysis_out/updated_20260509/els_tv_model/feature_importance.csv,35,8d267293de90612f43801d8a0a1690ab88db7816655d1ee3efdb56da33af6ab2,2026-05-09T10:59:39,2026-05-09T10:59:39,tabular_data_or_output,no
analysis_out/updated_20260509/els_tv_model/model_comparison.csv,522,127e4240895ce4ff9264c0b78f0f4d702d81079024b85c24cbb3fdc8b0f4457c,2026-05-09T10:59:39,2026-05-09T10:59:39,tabular_data_or_output,no
analysis_out/updated_20260509/els_tv_model/summary.json,1096,a3a510a532288a707016120a43dd78836bcf545ea23b6bfc5bea29d0c6755d29,2026-05-09T10:59:39,2026-05-09T10:59:39,configuration_or_machine_readable_output,no
analysis_out/updated_20260509/els_tv_model/training_dataset.csv,447472,c5e5b8f31dd0323359884279c5cef138d2f98cb88ddcba1aa20775ef4b54146c,2026-05-09T10:59:39,2026-05-09T10:59:39,tabular_data_or_output,no
analysis_out/updated_20260509/geometry/angle_summary_stats.csv,196,0dafa7cb6211822d7c32851c1e63829e01c20148e3a3f136e13df528caf18fb7,2026-05-09T10:59:27,2026-05-09T10:59:28,tabular_data_or_output,no
analysis_out/updated_20260509/geometry/canal_geometry_features.csv,795823,3c00317f7870e85a023f5893d1df6e202fbd650582bfe938bf23bebe2aa79b3b,2026-05-09T10:59:27,2026-05-09T10:59:28,tabular_data_or_output,no
analysis_out/updated_20260509/geometry/canal_plane_angles_deg.csv,39464,3e6c2c83a006b2589ca69ea446449a369e236c54cb4ab3ca22f6e3b22ff05802,2026-05-09T10:59:27,2026-05-09T10:59:28,tabular_data_or_output,no
analysis_out/updated_20260509/geometry/ear_angle_volume_summary.csv,65587,4884d3778661ecb523b46a7b0ef7c0311ce2ff3e1490a0da43ce00bc30a2307d,2026-05-09T10:59:27,2026-05-09T10:59:28,tabular_data_or_output,no
analysis_out/updated_20260509/geometry/ear_geometry_features.csv,609316,119b80bdd039a702135deb56a69561735191e6aa16161df20927d355e5945e23,2026-05-09T10:59:27,2026-05-09T10:59:28,tabular_data_or_output,no
analysis_out/updated_20260509/geometry/els_tv_ratios.csv,23729,4a894f09a42efcb23ebce4599eaeee31ef25e0e7c27027b6191d47d138c9b339,2026-05-09T10:59:28,2026-05-09T10:59:28,tabular_data_or_output,no
analysis_out/updated_20260509/geometry/extraction_diagnostics.csv,142751,b1aa04868f643869fd64d5267ca10a9f1882da440da603b20a6c1dc2146886c5,2026-05-09T10:59:27,2026-05-09T10:59:28,tabular_data_or_output,no
analysis_out/updated_20260509/geometry/plane_normals.csv,264767,9e5c760166fac89779e43c7a833e577cc0c7c03eb61699072594722bb6c2f74c,2026-05-09T10:59:27,2026-05-09T10:59:28,tabular_data_or_output,no
analysis_out/updated_20260509/geometry/seg3_angle_volume_report.docx,204556,7c6ec2c7d85ad1a054ba1c7dfe9311b29f78a524c2e9a15d5e4390cbf92454d0,2026-05-09T10:59:27,2026-05-05T17:15:04,document_or_figure,no
analysis_out/updated_20260509/geometry/summary.json,1318,6d80f114ebb882a6fb595027ee0ab5984d996f76db3dd003f5569345470d6326,2026-05-09T10:59:27,2026-05-09T10:59:29,configuration_or_machine_readable_output,no
analysis_out/updated_20260509/geometry/volume_summary_stats.csv,386,8deef5e09e322e8e2daa43c132f6d1d8900c9745d580d3a185f9ded90eb48db6,2026-05-09T10:59:27,2026-05-09T10:59:28,tabular_data_or_output,no
analysis_out/updated_20260509/geometry/volumes_mm3.csv,165281,f7fa447223d4710cdeaebb720d91a1b3feb95db3e7367ca372e5bb1551c9cd19,2026-05-09T10:59:27,2026-05-09T10:59:28,tabular_data_or_output,no
analysis_out/updated_20260509/梅尼埃内耳半规管影像特征与ELS占比预测更新报告_068L补齐.docx,263577,cd41f7ff73a8d43b1b8692990e5cbba1893916e1a8b47607880990aa60c9d3f3,2026-05-09T10:59:39,2026-05-09T10:59:39,document_or_figure,no
analysis_out/vit_inner_ear_seg/metrics_summary.json,683,1c7e1d1f2006ec20b6e5fbea551ea0cf9d550d298ba128c5e4d62a70c7fa711d,2026-04-04T11:30:45,2026-04-04T11:41:26,configuration_or_machine_readable_output,no
analysis_out/vit_inner_ear_seg/sample_metadata.csv,10133,80f9c957a7c61195c237366e7a87442c2b11004d82c47fd557c3706c6d49c0a7,2026-04-04T11:30:10,2026-04-04T11:34:52,tabular_data_or_output,no
analysis_out/vit_inner_ear_seg/test_metrics.csv,669,61e59376b4992b1b60754c49c99116a007f74bde8b47f19889435064398c226d,2026-04-04T11:30:45,2026-04-04T11:41:26,tabular_data_or_output,no
analysis_out/vit_inner_ear_seg/training_history.csv,1565,3ff52d6160ec7de5dd4c7f45671cb67e06d87e7c8a97c5a922aafe024b4b64ed,2026-04-04T11:30:43,2026-04-04T11:41:24,tabular_data_or_output,no
analysis_out/vit_inner_ear_seg/内耳ViT分割试验报告.docx,454332,dde3308e9673e5547a73906b98c1256a731f7384dff60a3817e56e5a47296f14,2026-04-04T11:30:45,2026-04-04T17:29:48,document_or_figure,no
analysis_out/vit_inner_ear_seg3/metrics_summary.json,1331,63e8d898ae2d8d23843a656582476e4be17d213406d8b49098907cb5d908ed04,2026-05-05T11:42:38,2026-05-05T11:42:38,configuration_or_machine_readable_output,no
analysis_out/vit_inner_ear_seg3/sample_metadata.csv,31902,5a80f2f221afdda28edb28f57c7c4a2d670a4c0cacdcaefd02c596fd778b29f6,2026-05-05T10:47:48,2026-05-05T10:47:48,tabular_data_or_output,no
analysis_out/vit_inner_ear_seg3/seg3三半规管ViT分割报告.docx,426802,1fc4d6cce80c48b19bb15a1e324964bfb95e261f643bf03a951e6838151fc93a,2026-05-05T11:42:38,2026-05-05T12:00:24,document_or_figure,no
analysis_out/vit_inner_ear_seg3/test_metrics.csv,3165,9f426cd4f793a7fbb1919901c53740f6dfa4656ae71f19743ab5541b9c39cde7,2026-05-05T11:42:38,2026-05-05T11:42:38,tabular_data_or_output,no
analysis_out/vit_inner_ear_seg3/training_history.csv,2324,65ddc7b1189426b348a78b1582700c163824be7fa0495cc5b19aabf08eb7255e,2026-05-05T11:42:33,2026-05-05T11:42:33,tabular_data_or_output,no
analysis_out/vit_inner_ear_seg3_e45_c128/metrics_summary.json,1539,0e57ceed7c85a7af5dfeffb25ad12ab535849a88252010c017dc528f2213c9c8,2026-05-05T15:24:39,2026-05-05T15:24:39,configuration_or_machine_readable_output,no
analysis_out/vit_inner_ear_seg3_e45_c128/sample_metadata.csv,35455,2ddee4af94052bd85df0d68b78c176fdff67d695b8827e40dc2641310098d6bc,2026-05-05T12:25:10,2026-05-05T12:25:10,tabular_data_or_output,no
analysis_out/vit_inner_ear_seg3_e45_c128/seg3三半规管ViT分割报告.docx,374666,5e519e682eb47200d76a8bf2129475ac985fe702f660de4c04b7cc626ba6715f,2026-05-05T15:24:39,2026-05-05T15:29:32,document_or_figure,no
analysis_out/vit_inner_ear_seg3_e45_c128/test_metrics.csv,3165,a0da31d2294db77fb1a627e723ade23834e10986220881fe642bf8133d5a3309,2026-05-05T15:24:39,2026-05-05T15:24:39,tabular_data_or_output,no
analysis_out/vit_inner_ear_seg3_e45_c128/test_metrics_threshold_0p50.csv,3165,a0da31d2294db77fb1a627e723ade23834e10986220881fe642bf8133d5a3309,2026-05-05T15:24:39,2026-05-05T15:24:39,tabular_data_or_output,no
analysis_out/vit_inner_ear_seg3_e45_c128/threshold_tuning.csv,1140,bfbff8ca170595527f1cf8cdecd8b29246c9a06d7ec4a9ac4260eb3fc5515e51,2026-05-05T15:24:39,2026-05-05T15:24:39,tabular_data_or_output,no
analysis_out/vit_inner_ear_seg3_e45_c128/training_history.csv,5715,636610f16ab05d9833ae20bbb843fc4ed97d3c432bafefc165dc8f0770795eca,2026-05-05T15:21:56,2026-05-05T15:21:56,tabular_data_or_output,no
analysis_out/vit_inner_ear_seg3_e45_c128_068L_allAutoROI/metrics_summary.json,1676,3d55ff7e0c94338859119582c5dae370b6e3bee1da4b751e2abbe62b0d02dcfa,2026-05-10T13:25:14,2026-05-10T13:25:14,configuration_or_machine_readable_output,no
analysis_out/vit_inner_ear_seg3_e45_c128_068L_allAutoROI/sample_metadata.csv,41797,b24f3f253880c8df02888b06c07ca10b53e1d752ec6cb5ec6c6952643be66a38,2026-05-10T09:21:17,2026-05-10T09:21:17,tabular_data_or_output,no
analysis_out/vit_inner_ear_seg3_e45_c128_068L_allAutoROI/seg3三半规管ViT分割报告.docx,384141,323c956f2b1d60e04426ce7adfee2b90f97572d5403e5fa7cf48442d7d4a67ea,2026-05-10T13:25:14,2026-05-10T13:25:14,document_or_figure,no
analysis_out/vit_inner_ear_seg3_e45_c128_068L_allAutoROI/test_metrics.csv,3165,6ef3d6d680b91783ab18b59f2b9728b9c5ffee91eca44977cafba41f5e14f2aa,2026-05-10T13:25:14,2026-05-10T13:25:14,tabular_data_or_output,no
analysis_out/vit_inner_ear_seg3_e45_c128_068L_allAutoROI/test_metrics_threshold_0p50.csv,3165,6ef3d6d680b91783ab18b59f2b9728b9c5ffee91eca44977cafba41f5e14f2aa,2026-05-10T13:25:14,2026-05-10T13:25:14,tabular_data_or_output,no
analysis_out/vit_inner_ear_seg3_e45_c128_068L_allAutoROI/threshold_tuning.csv,480,5755e63e06e88db9b19368a10aada37b83de6b68f69ee6c5dd796cf8a2f1023e,2026-05-10T13:25:14,2026-05-10T13:25:14,tabular_data_or_output,no
analysis_out/vit_inner_ear_seg3_e45_c128_068L_allAutoROI/training_history.csv,5704,5dd0ecb9e68127eec3df4c1ac536ba949721c0b2deceff22a91b50b6b454836f,2026-05-10T13:23:36,2026-05-10T13:23:36,tabular_data_or_output,no
analysis_out/vit_inner_ear_seg3_e45_c128_068L_bestTrainCenter/metrics_summary.json,1638,9480ef83ee63e010002582709413f89960988dcf491b767386722a23ee8b33ed,2026-05-09T21:26:12,2026-05-09T21:26:12,configuration_or_machine_readable_output,no
analysis_out/vit_inner_ear_seg3_e45_c128_068L_bestTrainCenter/sample_metadata.csv,43811,fe4c948f271f3fb587d5f581e856ceedbb22e8308b9b1e40873b0df50242c79c,2026-05-09T13:44:14,2026-05-09T19:58:48,tabular_data_or_output,no
analysis_out/vit_inner_ear_seg3_e45_c128_068L_bestTrainCenter/seg3三半规管ViT分割报告.docx,380450,b5a8946228b1287cd2b50386fe8258ef4ba8e0c3aec77b8022f5b95f256614c4,2026-05-09T21:26:12,2026-05-09T21:26:12,document_or_figure,no
analysis_out/vit_inner_ear_seg3_e45_c128_068L_bestTrainCenter/test_metrics.csv,3165,d466a53437d14495c625cd5129689946f4229d0ba329cf08cf4eedd723527988,2026-05-09T21:26:12,2026-05-09T21:26:12,tabular_data_or_output,no
analysis_out/vit_inner_ear_seg3_e45_c128_068L_bestTrainCenter/test_metrics_threshold_0p50.csv,3165,d9022f9510b7696fddd73bf8c8ef97c95ea6cd10587aaa681f3d18a14452384d,2026-05-09T21:26:12,2026-05-09T21:26:12,tabular_data_or_output,no
analysis_out/vit_inner_ear_seg3_e45_c128_068L_bestTrainCenter/threshold_tuning.csv,480,c2ddf2f4f169b7ad0730dfc8ec4927f207808a427b078b3d41acf40d7043a5fa,2026-05-09T21:26:12,2026-05-09T21:26:12,tabular_data_or_output,no
analysis_out/vit_inner_ear_seg3_e45_c128_068L_bestTrainCenter/training_history.csv,2068,70759a9b156cd8d7fbb934a5246b32ac3c2513f4550a5c295d8afc7676a060d0,2026-05-09T21:24:35,2026-05-09T21:24:35,tabular_data_or_output,no
analysis_out/vit_inner_ear_seg3_e45_c128_068L_cov90/sample_metadata.csv,39899,b4ea08f343c01ef4e30eba075f907b22a6fd29a35fb506e96a17eed15814ebad,2026-05-09T12:27:16,2026-05-09T12:27:16,tabular_data_or_output,no
analysis_out/vit_inner_ear_seg3_e45_c128_068L_trainMaskCenter/sample_metadata.csv,43759,b64b965f1e10134b4ce0fab80795c9af052ad1ca6d4e6f6f16e37789638a1337,2026-05-09T13:27:15,2026-05-09T13:27:15,tabular_data_or_output,no
analysis_out/vit_inner_ear_seg3_e45_c144_068L/sample_metadata.csv,37458,18f593c8037625552c305c5c969d455548455fb564e053fc2904f37d65be2388,2026-05-09T11:52:42,2026-05-09T11:52:42,tabular_data_or_output,no
cnnvit12.py,16200,99556c8e8aa7b4834bdbf7775987475a1bd72ebb0f2f81d9db4a91de0f6e8456,2026-04-04T10:59:38,2025-11-08T20:50:50,analysis_code,yes
config/project_config.example.yaml,586,c7666e3826cf6f8fa765fbbfa9bb0eeb467d565b42330b7f7c97ead9f50c8c9e,2026-08-23T14:24:36,2026-08-23T14:24:36,configuration_or_machine_readable_output,yes
config/project_config.yaml,623,198c0787a89e122dc37b24a5999f9498e98d2501544b24131877286e488f6c37,2026-07-13T17:48:51,2026-07-13T17:48:51,configuration_or_machine_readable_output,no
data/丽水-xjj内耳分割4/xjj内耳分割2/说明.docx,10541,60504711ed25a3c845311b3a045edf538831c7302c4c7f90c6d06c8bf62961ac,2026-07-31T21:27:43,2026-02-07T09:10:36,document_or_figure,no
environment.yml,123,848bcddfbd6a6e2fb83d07c95170b299d46ce7c4c141ea4144cff68e14d22e85,2026-07-13T17:54:04,2026-07-13T17:54:04,configuration_or_machine_readable_output,yes
generate_current_results_report.py,11636,b351376023b35981111ae249c65c724be93101b78f6d9a470c9b725028c37219,2026-04-07T08:52:28,2026-04-07T08:52:28,analysis_code,yes
generate_seg3_angle_volume_report.py,6212,e2b29142f4c798d8717d8ce5c77e964693db12ce82613f1935fad0ed2e38ecc3,2026-05-05T17:14:58,2026-05-05T17:14:58,analysis_code,yes
generate_updated_068L_results_report.py,20392,1ee992e49ad15b38525aeffae9b6b109e39f881dff515e661745da638c2295bc,2026-05-09T10:59:17,2026-05-09T10:59:17,analysis_code,yes
inner_ear_angle_ratio_model.py,20605,8b9682eabb0c383e47279bf9a9c086b8ecc35a8e59dbcb46d79847549bc2c17a,2026-04-06T20:34:57,2026-04-06T20:37:53,analysis_code,yes
inner_ear_angle_report.py,24996,19c59bccc82ec40eda4b77033d6fdef9d5fe3a5c5cb9813e622b3533db6ee5e1,2026-04-02T10:03:55,2026-04-06T21:21:59,analysis_code,yes
inner_ear_geometry_features.py,20552,e4ea5d33e1a457b7e4e5c6a5a0f4ef9c1c50c093b5e8516482d9a229ec9396ef,2026-04-06T21:23:50,2026-05-05T16:30:45,analysis_code,yes
inner_ear_multifeature_model.py,15135,a837abac4e2413813ea3e1bfb554e852285ee31178e3042f33f4d7286e3a548c,2026-04-06T21:25:31,2026-04-06T21:43:12,analysis_code,yes
inner_ear_vit_seg3_experiment.py,32242,78d96a67145e6f41de421fe22becf2fee5a50aab22d50ad50356ced0706887c5,2026-05-05T10:29:23,2026-05-10T09:05:11,analysis_code,yes
inner_ear_vit_seg_experiment.py,36929,0c573fb77a5deb31e1f5c96386b80ac095f8a8dd4fe75e74c80da848f78712b3,2026-04-04T11:21:58,2026-07-31T14:45:48,analysis_code,yes
MD患者评估20260713.xlsx,73210,5a25d6746a31fc19c9f3c7c76b0ca16d1e96afd3a0d3c96c2188c377c9aebb72,2026-07-13T17:29:05,2026-07-13T17:13:22,tabular_data_or_output,no
pebm-neuroimage.pdf,4687154,4df5d2c1bb6e3c0e9bff0700cd300b5c626916c775a3c1b93a6175b00cfc632c,2026-07-12T20:47:28,2026-07-12T20:47:23,document_or_figure,no
quick_seg4_angle_correlation.py,13080,00406c8c011be54e340d490105de41b8da97c286f9bb6047c046ec1711075859,2026-05-22T09:48:34,2026-05-22T09:54:49,analysis_code,yes
README.md,4233,1309fa33006346b03d3b9442fa0505366fd2ac06c87dbac91a1d251e80da8fb3,2026-07-13T17:54:04,2026-08-23T14:24:36,documentation_or_other,yes
results_md_progression/01_data_audit/clinical_audit_summary.xlsx,46536,b3452b70e16ea1c640ad213b30f9200e870d239ef9352f0e430db16ab3fe8086,2026-07-13T18:00:40,2026-07-17T19:43:20,tabular_data_or_output,no
results_md_progression/01_data_audit/data_audit_report.md,163,7f37287f4afa51c0e66132369e3481daa51bd3ec175bc9e1a7c2194d145ff656,2026-07-13T18:00:40,2026-07-17T19:46:37,documentation_or_other,no
results_md_progression/01_data_audit/data_inventory.xlsx,403770,7faaf2da1101b5d40423dff1a888c9bacb3bbc73a346cc819947cb0d1b14ffbb,2026-07-13T18:00:40,2026-07-17T19:46:37,tabular_data_or_output,no
results_md_progression/01_data_audit/duplicate_and_conflict_report.xlsx,4974,9e818adc0335b6f846efb1975f15548441369cc49de5c885a814ff9e3556da11,2026-07-13T18:00:40,2026-07-17T19:43:20,tabular_data_or_output,no
results_md_progression/01_data_audit/missingness_summary.xlsx,8520,b8cee165bc9d833a785ef4fa52252b60d8654c823968f82c5bfd9996ea5c8d2c,2026-07-13T18:00:40,2026-07-17T19:43:20,tabular_data_or_output,no
results_md_progression/01_data_audit/patient_ear_linkage.xlsx,200101,1b6108e062b28728682ac7a5b25922bd0eb33ac077d4f44b482cfe6da681c6fa,2026-07-13T18:00:41,2026-07-17T19:43:21,tabular_data_or_output,no
results_md_progression/01_data_audit/variable_dictionary.xlsx,11373,bf40e07048245edfb98ef9b0a6bf3802dc217a93501a1e9b985b74e3bab2a50e,2026-07-13T18:00:40,2026-07-17T19:43:20,tabular_data_or_output,no
results_md_progression/02_cohort/all_ear_sensitivity_cohort.csv,43023,a35139ccb9eee468f352a707b332b10b01ce3bc173cc049f96c4080dfe1036a4,2026-07-13T18:00:41,2026-07-17T19:43:20,tabular_data_or_output,no
results_md_progression/02_cohort/cohort_construction_audit.xlsx,6326,4637a7de6d438fa9c3a0d794a7ed33c10bc8b7e6f441827b7edf806159d471d9,2026-07-13T18:00:41,2026-07-17T19:43:20,tabular_data_or_output,no
results_md_progression/02_cohort/primary_patient_level_cohort.csv,19054,f13d5443f31c04ff3ebd8e0f8b78d18d92bd4d664e6c7dd26348503833a7f50e,2026-07-13T18:00:41,2026-07-17T19:43:20,tabular_data_or_output,no
results_md_progression/02_cohort/unilateral_md_affected_ear.csv,264,26c0514b253e0764f802c6364bf39ee2a4b1850948c5c293931c7e09a0c8d86e,2026-07-17T16:31:58,2026-07-17T19:43:20,tabular_data_or_output,no
results_md_progression/02_cohort/unilateral_md_contralateral_ear.csv,264,26c0514b253e0764f802c6364bf39ee2a4b1850948c5c293931c7e09a0c8d86e,2026-07-17T16:31:58,2026-07-17T19:43:20,tabular_data_or_output,no
results_md_progression/03_morphometry/morphometry_features.xlsx,2116911,2b668bd770d46b60adcc5d2c1a45cf20e956530ffdb1f896dddf7fc3e593fd70,2026-07-13T18:00:52,2026-07-17T19:46:51,tabular_data_or_output,no
results_md_progression/03_morphometry/qc_failures.csv,78064,92933ff1c404f625398340cd82bd946f244bfea59ec7adc02585a083000becf6,2026-07-13T18:00:48,2026-07-17T18:19:20,tabular_data_or_output,no
results_md_progression/03_morphometry/qc_metrics.xlsx,300223,4539aa6ef0330923720f96178953cf6c4872d6c496ce39e5357d0110138e2cc8,2026-07-13T18:00:48,2026-07-17T18:19:20,tabular_data_or_output,no
results_md_progression/04_pebm/reproduction_report.md,1446,7bb07924b14676200744ed8a042a85cc74794923d752ee6d09ccfffcc32a4e5d,2026-07-13T18:00:53,2026-07-17T19:43:22,documentation_or_other,no
results_md_progression/04_pebm/reproduction_test_results.xlsx,6012,5379ce36594b4e97966aeec34d2c258a5a88047fd2c2991abb1dbee241e1538a,2026-07-13T18:00:53,2026-07-17T19:43:22,tabular_data_or_output,no
results_md_progression/05_reorganized_data_audit/archive_inventory.csv,1013,af7ec05a1dd47d927ae2dd1f94d918625ac9d84bf3c3744d02ee5467f4bb0384,2026-07-31T11:14:16,2026-07-31T11:30:09,tabular_data_or_output,no
results_md_progression/05_reorganized_data_audit/audit_summary.json,1676,85f1a26fb85a87fa5481b5d72bd186c3e8b415bb6f6f56774da4068d04441194,2026-07-31T11:14:16,2026-07-31T11:30:09,configuration_or_machine_readable_output,no
results_md_progression/05_reorganized_data_audit/clinical_archive_linkage.csv,726,8528258eb6f70a4fb936c90c39abbb9f4f20b5b7e41202f90be20903e6e0b55f,2026-07-31T11:14:16,2026-07-31T11:30:09,tabular_data_or_output,no
results_md_progression/05_reorganized_data_audit/input_manifest.csv,688,c3d9f8c8e26d3113431d8459404461d652159b457efc290981449dfe8fd342e8,2026-07-31T11:30:09,2026-07-31T11:30:09,tabular_data_or_output,no
results_md_progression/05_reorganized_data_audit/ls_incomplete_structure_ears.csv,67,e743b7accb0ed2b38c488a953da04e6d89d3df7197af732b411d07149aa34854,2026-07-31T11:14:16,2026-07-31T11:30:09,tabular_data_or_output,no
results_md_progression/final/all_t2_inner_ear_vit_20260801/additional_models/internal_test_metrics_Cochlear.csv,1433,af81eda684775a8b092bf83481e6f13f1232000df51565723042042eca7aec60,2026-08-01T10:50:29,2026-08-01T22:22:30,tabular_data_or_output,no
results_md_progression/final/all_t2_inner_ear_vit_20260801/additional_models/internal_test_metrics_TV.csv,2595,b3d19ae53abce31d329e4125ba82fbbb4ca60e6887ed4a563ee58b89c186b015,2026-08-01T22:22:14,2026-08-01T22:22:14,tabular_data_or_output,no
results_md_progression/final/all_t2_inner_ear_vit_20260801/additional_models/internal_test_metrics_Vestibular.csv,1405,502e879748501533314fe4849f56ea86d3ba1e03fd67ba52ed19745d034ff46c,2026-08-01T22:14:53,2026-08-01T22:14:53,tabular_data_or_output,no
results_md_progression/final/all_t2_inner_ear_vit_20260801/additional_models/metrics_summary.json,3082,0ddbfcb416f5cf8af77b76cc4394eb1b7dac8995f10afc6ac31cfd0dcc2dfd4f,2026-08-01T10:50:29,2026-08-01T22:22:30,configuration_or_machine_readable_output,no
results_md_progression/final/all_t2_inner_ear_vit_20260801/additional_models/training_history_Cochlear.csv,1747,c070f75fb8346f13e1cb7b0353bf42ca10541dc8dc485fd9f71b88e86e0323ba,2026-08-01T10:42:03,2026-08-01T11:02:00,tabular_data_or_output,no
results_md_progression/final/all_t2_inner_ear_vit_20260801/additional_models/training_history_TV.csv,461,138f21ec688fb9b8365cd3bd5561feac8e3f50750d085795266c240b395ed748,2026-08-01T22:16:55,2026-08-01T22:22:00,tabular_data_or_output,no
results_md_progression/final/all_t2_inner_ear_vit_20260801/additional_models/training_history_Vestibular.csv,496,c118d834e35b1e0d31426ff5917a54ef380f86fa4b389d7ef074cae8a2ac50e1,2026-08-01T10:53:31,2026-08-01T11:01:19,tabular_data_or_output,no
results_md_progression/final/all_t2_inner_ear_vit_20260801/additional_models/validation_postprocessing_grid_Cochlear.csv,1945,05e139b62790fcf0b5c96876b794162d2f8cfb9f356862b18d49b86ff480c843,2026-08-01T10:50:22,2026-08-01T22:22:25,tabular_data_or_output,no
results_md_progression/final/all_t2_inner_ear_vit_20260801/additional_models/validation_postprocessing_grid_TV.csv,1949,c59ceba90f55ec690b677e6425f06a2dcbaf2f619571a990e5e86961bc7dd04a,2026-08-01T22:22:06,2026-08-01T22:22:06,tabular_data_or_output,no
results_md_progression/final/all_t2_inner_ear_vit_20260801/additional_models/validation_postprocessing_grid_Vestibular.csv,1956,c00d7c7a0ebd58b1e5308a18ad9a745026949f0da356d0b1420f9a53693ad66b,2026-08-01T22:14:49,2026-08-01T22:14:49,tabular_data_or_output,no
results_md_progression/final/all_t2_inner_ear_vit_20260801/external_center2/additional_mask_qc.csv,115101,18939961f1a3cae2106002f40af5d7462794ec0f74c33c1a6e75a86539f4d330,2026-08-01T22:33:46,2026-08-01T22:33:46,tabular_data_or_output,no
results_md_progression/final/all_t2_inner_ear_vit_20260801/external_center2/all_six_structure_mask_manifest.csv,177627,31e86b86914fb17cd8ecd0290ddb22c5331b214346334086bbc51eb4053b917d,2026-08-01T22:33:46,2026-08-01T22:33:46,tabular_data_or_output,no
results_md_progression/final/all_t2_inner_ear_vit_20260801/external_center2/external_inference_summary.json,608,f113e3f7e621e10500ea7e90f979708b0b50bf80d7f593993885146650a86cdf,2026-08-01T22:33:46,2026-08-01T22:33:46,configuration_or_machine_readable_output,no
results_md_progression/final/all_t2_inner_ear_vit_20260801/external_center2/features_pre_manual_qc/canal_centerline_features.csv,70371,9f3451b292a5e4aab03fe258aa905138b490306874ebd00fafebc64013fafe03,2026-08-01T22:39:43,2026-08-01T22:39:43,tabular_data_or_output,no
results_md_progression/final/all_t2_inner_ear_vit_20260801/external_center2/features_pre_manual_qc/canal_plane_angles.csv,12288,66e0855ff56c48496bdd1f99c42a1d8393a662231b81f7446b31c368c7033aa4,2026-08-01T22:39:43,2026-08-01T22:39:43,tabular_data_or_output,no
results_md_progression/final/all_t2_inner_ear_vit_20260801/external_center2/features_pre_manual_qc/feature_errors.csv,1172,7637775bb0b27a9e0558223e2705b97aa3e4394f10443c735644d903dc517d14,2026-08-01T22:39:43,2026-08-01T22:39:43,tabular_data_or_output,no
results_md_progression/final/all_t2_inner_ear_vit_20260801/external_center2/features_pre_manual_qc/feature_extraction_summary.json,419,e08fde6a42896dff8ed5b37c0c78fcd32744446405d744c48725e6f510ecf42f,2026-08-01T22:39:43,2026-08-01T22:39:43,configuration_or_machine_readable_output,no
results_md_progression/final/all_t2_inner_ear_vit_20260801/external_center2/features_pre_manual_qc/patient_feature_matrix_pending_manual_qc.csv,229497,0d8a61a6b3f9c82d5c08c726025b1c7214e4278c3e1bfcee517da2524e708b94,2026-08-01T22:39:43,2026-08-01T22:39:43,tabular_data_or_output,no
results_md_progression/final/all_t2_inner_ear_vit_20260801/external_center2/features_pre_manual_qc/structure_features_long.csv,310055,f0c8326df96f04b2ef4f961f4e40e022e60f82b9fc4ae3118a7faa5db634487f,2026-08-01T22:39:43,2026-08-01T22:39:43,tabular_data_or_output,no
results_md_progression/final/all_t2_inner_ear_vit_20260801/external_center2/features_pre_manual_qc/within_ear_centroid_distances.csv,68850,e8c08d10a9f9ba855bf39041a27c030df379a35f45ef448f0305546d405c3846,2026-08-01T22:39:43,2026-08-01T22:39:43,tabular_data_or_output,no
results_md_progression/final/all_t2_inner_ear_vit_20260801/external_center2/study_qc.csv,10357,bb595d3da6b51e8d3c0399219f9db47662717f99be5ddb670ee8b8684b7c2b13,2026-08-01T22:33:46,2026-08-01T22:33:46,tabular_data_or_output,no
results_md_progression/final/all_t2_inner_ear_vit_20260801/external_center3/additional_mask_qc.csv,99389,98581ba89396bdc3ed8a5fbe66bedae1976d8432e1a937c0a3bc4b60175e53c2,2026-08-01T22:33:46,2026-08-01T22:33:46,tabular_data_or_output,no
results_md_progression/final/all_t2_inner_ear_vit_20260801/external_center3/all_six_structure_mask_manifest.csv,156358,d394eee395cabcd35ec032d2cb0eb1d3100710bdb1d4a48daad734367b4197ff,2026-08-01T22:33:46,2026-08-01T22:33:46,tabular_data_or_output,no
results_md_progression/final/all_t2_inner_ear_vit_20260801/external_center3/external_inference_summary.json,607,7c532075195733a9d789aa4f1260d6beafe90bcdc97bcbe01e33d1a440e81121,2026-08-01T22:33:46,2026-08-01T22:33:46,configuration_or_machine_readable_output,no
results_md_progression/final/all_t2_inner_ear_vit_20260801/external_center3/features_pre_manual_qc/canal_centerline_features.csv,58833,b101cd17b21de754b44b7314136a75a72804564ffd8ee3d5b06fb4450f980570,2026-08-01T22:40:37,2026-08-01T22:40:37,tabular_data_or_output,no
results_md_progression/final/all_t2_inner_ear_vit_20260801/external_center3/features_pre_manual_qc/canal_plane_angles.csv,10613,cffe6c4b535c66f62230d19fc94fd54120d3a65f7ce798eb8f5b7a2b4eaca968,2026-08-01T22:40:37,2026-08-01T22:40:37,tabular_data_or_output,no
results_md_progression/final/all_t2_inner_ear_vit_20260801/external_center3/features_pre_manual_qc/feature_errors.csv,2918,bc14f27d2cdea66faaf69eca5cf57dc4df4f2c7b39c9c079ffba99aa7efa67ae,2026-08-01T22:40:37,2026-08-01T22:40:37,tabular_data_or_output,no
results_md_progression/final/all_t2_inner_ear_vit_20260801/external_center3/features_pre_manual_qc/feature_extraction_summary.json,420,e9301b451871a4a7061d1f92e72a0e0a881757e0b286534f84b442ba4bced4d7,2026-08-01T22:40:37,2026-08-01T22:40:37,configuration_or_machine_readable_output,no
results_md_progression/final/all_t2_inner_ear_vit_20260801/external_center3/features_pre_manual_qc/patient_feature_matrix_pending_manual_qc.csv,192420,c1a6fada60a84cec178608e805126ae966113868b270dac366299758b0af3eb5,2026-08-01T22:40:37,2026-08-01T22:40:37,tabular_data_or_output,no
results_md_progression/final/all_t2_inner_ear_vit_20260801/external_center3/features_pre_manual_qc/structure_features_long.csv,265017,a0689f5887bc8dddd68325d5d6b1ebff13010111703aff87fc9695a681bc7ef4,2026-08-01T22:40:37,2026-08-01T22:40:37,tabular_data_or_output,no
results_md_progression/final/all_t2_inner_ear_vit_20260801/external_center3/features_pre_manual_qc/within_ear_centroid_distances.csv,58978,e7a72fa4fc770038f9e0a989d646938d66f2d0b3de6c87460efebe4e06dc9830,2026-08-01T22:40:37,2026-08-01T22:40:37,tabular_data_or_output,no
results_md_progression/final/all_t2_inner_ear_vit_20260801/external_center3/study_qc.csv,9266,431b8b29c9f09c26045ba0156d713f7ebc9d5ccb47b41908f547546cb784718a,2026-08-01T22:33:46,2026-08-01T22:33:46,tabular_data_or_output,no
results_md_progression/final/all_t2_inner_ear_vit_20260801/external_centers_summary.json,1480,8e7521903cd21c3c1ed3e6f641f1f15ca22635cbcce12b1a443c64a4b25547bc,2026-08-01T22:33:46,2026-08-01T22:33:46,configuration_or_machine_readable_output,no
results_md_progression/final/all_t2_inner_ear_vit_20260801/external_feature_extraction_summary.json,995,24d6a065f8f68c799d40e33141de7f50eeddfb9a47cf4f40fc6d83e100df1ca8,2026-08-01T22:40:37,2026-08-01T22:40:37,configuration_or_machine_readable_output,no
results_md_progression/final/all_t2_inner_ear_vit_20260801/内耳六结构分割与外部复核_20260801.xlsx,22782,3c535d46b4202c0302cab6945a175047f2bed3b91b72852f5108a1f6b1ca2e11,2026-08-01T23:01:17,2026-08-01T23:10:28,tabular_data_or_output,no
results_md_progression/final/clinical_pebm_external_validation_20260731/analysis_summary.json,6029,d4937da126548eda522639455aadeb4ab595e1ef34b373f02830f7761e98497c,2026-07-31T11:25:10,2026-07-31T11:25:10,configuration_or_machine_readable_output,no
results_md_progression/final/clinical_pebm_external_validation_20260731/cohort_summary.csv,343,ffbe5c05ca72e307d62a427e3f6c0c2603913d61dfecb110a9e577fa34ed9a5f,2026-07-31T11:25:10,2026-07-31T11:25:10,tabular_data_or_output,no
results_md_progression/final/clinical_pebm_external_validation_20260731/event_sequence.csv,545,76c97fd79190e8716be4371d34d667e7e8bfccd10136d8e54ead04b2dbf48e56,2026-07-31T11:25:10,2026-07-31T11:25:10,tabular_data_or_output,no
results_md_progression/final/clinical_pebm_external_validation_20260731/external_ear_staging.csv,28909,e825e217303d676c1b0651b1c9194db0c293f6ece4aad1493f7f286690124f6d,2026-07-31T11:25:10,2026-07-31T11:25:10,tabular_data_or_output,no
results_md_progression/final/clinical_pebm_external_validation_20260731/P_EBM执行结果.xlsx,221657,069013c270f8041a90694859eb304118a2ea4cb95e19c22e53c44a58c380c377,2026-07-31T11:27:27,2026-07-31T11:30:13,tabular_data_or_output,no
results_md_progression/final/clinical_pebm_external_validation_20260731/RESOLVED_AND_REMAINING.md,2241,b707dd0aba57b7644007713e4a2db5763083d4223df750083f967c562f8f5a9b,2026-07-31T11:30:47,2026-07-31T11:30:47,documentation_or_other,no
results_md_progression/final/clinical_pebm_external_validation_20260731/RESULTS_SUMMARY.md,1824,b2344ace33bf9d109eeef94606a9479fc1d3f5f1397116ad85cd403173cd3ab1,2026-07-31T11:25:10,2026-07-31T11:25:10,documentation_or_other,no
results_md_progression/final/clinical_pebm_external_validation_20260731/sequence_uncertainty.csv,3733,ccd84e5b9507aedcf577c8f99ec16dcee0b7cd92fb69a4a4838dd22c58d97bb6,2026-07-31T11:25:10,2026-07-31T11:25:10,tabular_data_or_output,no
results_md_progression/final/clinical_pebm_external_validation_20260731/validation_metrics.csv,2238,961c3a2a7950de3c95ec029f50ec523db0c7f409714fdd7e68198c265f9059c5,2026-07-31T11:25:10,2026-07-31T11:25:10,tabular_data_or_output,no
results_md_progression/final/clinical_pebm_z2_development_20260801/ANALYSIS_SCOPE.md,807,5b527e6b7b4ae5a59e855106e43984a20a4776f5ed6cb1adde55a11d5bac4f3d,2026-08-01T10:16:31,2026-08-01T10:16:31,documentation_or_other,no
results_md_progression/final/clinical_pebm_z2_development_20260801/analysis_summary.json,7606,7f5b646ba9165783ced431cd030d4a6e68479fb2ad264575e89e5c654e1b55cc,2026-08-01T10:09:42,2026-08-01T10:11:19,configuration_or_machine_readable_output,no
results_md_progression/final/clinical_pebm_z2_development_20260801/cohort_summary.csv,331,8b731be8c6d2d590d1bd8c76275f65ab8d838ea88b42040ab7b2d781b6076967,2026-08-01T10:09:42,2026-08-01T10:11:19,tabular_data_or_output,no
results_md_progression/final/clinical_pebm_z2_development_20260801/ear_staging.csv,55123,d9a239ae7c7ee9288880bad1f530c930574ba22b8523aa7fc65d6502dfc40312,2026-08-01T10:09:42,2026-08-01T10:11:19,tabular_data_or_output,no
results_md_progression/final/clinical_pebm_z2_development_20260801/event_sequence.csv,541,b1f77f65f71e2551f35efb83c333dc4e6ae54821370938bae8a875abcbdc7957,2026-08-01T10:09:42,2026-08-01T10:11:19,tabular_data_or_output,no
results_md_progression/final/clinical_pebm_z2_development_20260801/P_EBM浙二建模结果_20260801.xlsx,42792,8adf8c0fa05c6596e5cb6563bf0b427003b29da87929a3e7dc0c2fa878695473,2026-08-01T10:13:33,2026-08-01T10:17:08,tabular_data_or_output,no
results_md_progression/final/clinical_pebm_z2_development_20260801/performance_metrics.csv,2891,69397dfbad7a2f86fbb051ee8c1b0b7764bebf2cdd96c25924a55cdd257f817c,2026-08-01T10:09:42,2026-08-01T10:11:19,tabular_data_or_output,no
results_md_progression/final/clinical_pebm_z2_development_20260801/RESULTS_SUMMARY.md,2663,1a36b72c64eb29f6dfbb73f393c88c01eaa8a92196d245d47cffcbeb3c975c48,2026-08-01T10:09:42,2026-08-01T10:16:31,documentation_or_other,no
results_md_progression/final/clinical_pebm_z2_development_20260801/sequence_uncertainty.csv,3703,051f0c62c355366434de5a570ef95f55b09a3d0e45c58c28fced7c1f711cc891,2026-08-01T10:09:42,2026-08-01T10:11:19,tabular_data_or_output,no
results_md_progression/final/external_manual_validation_20260817/case_match_qc.csv,19300,ecbb45e5fe7b0e34134d794f3d8992dcea3ca13f40479c0a88d837baab0f9338,2026-08-17T16:11:12,2026-08-17T16:11:12,tabular_data_or_output,no
results_md_progression/final/external_manual_validation_20260817/distribution_shift_screen.csv,4306,f37e6d6a4565d8f0a3d1a79e50cf71f52871f53d23fa08678a40eb178a61afce,2026-08-17T16:11:12,2026-08-17T16:11:12,tabular_data_or_output,no
results_md_progression/final/external_manual_validation_20260817/external_segmentation_metrics.csv,242217,81737caa90e2149f63853993e035478ebf1c06fd77e8ef31ff8d4f6183efebaa,2026-08-17T16:11:12,2026-08-17T16:11:12,tabular_data_or_output,no
results_md_progression/final/external_manual_validation_20260817/external_validation_summary.json,2752,34a5d348e5c6d1202a2d170b344d4b8b262a02f30a7cbd92125595df0992e7c3,2026-08-17T16:11:12,2026-08-17T16:12:47,configuration_or_machine_readable_output,no
results_md_progression/final/external_manual_validation_20260817/Figure_1_internal_external_dice.pdf,18319,46493f5d325695fe4007c9a895b9fc61d39ca6c93175b9e1f50d5a8ad8b91781,2026-08-17T16:11:12,2026-08-17T16:11:12,document_or_figure,no
results_md_progression/final/external_manual_validation_20260817/Figure_2_external_dice_distribution.pdf,22892,bfcb239b1071b20d0cd9cc7af7d101fb366148b5ac1f86dbefda9b6a874b78e5,2026-08-17T16:11:13,2026-08-17T16:11:13,document_or_figure,no
results_md_progression/final/external_manual_validation_20260817/Figure_3_volume_agreement.pdf,21277,097ed481fc23cc2dedc4d7001359d175bb1e7e36dceea9dbf6ba7c1dbb11a560,2026-08-17T16:11:13,2026-08-17T16:11:13,document_or_figure,no
results_md_progression/final/external_manual_validation_20260817/Figure_4_failure_cases.pdf,5678618,b832faa5f6d6997d629e81c0446d2ab60bc572da2f0ddb83030fad2e69f54044,2026-08-17T16:11:27,2026-08-17T16:11:29,document_or_figure,no
results_md_progression/final/external_manual_validation_20260817/frozen_inference_reproduction_check.csv,2510,cc37feae1b1df54130302d3ab26f6c85c0e2a745a3579c8ed2da07e45dfd91cc,2026-08-17T16:11:12,2026-08-17T16:11:12,tabular_data_or_output,no
results_md_progression/final/external_manual_validation_20260817/image_geometry_profiles.csv,61403,942b5dd190e12b8ff211edd11d27884827900c9e6ea0c9f3026598b67db16a1e,2026-08-17T16:11:12,2026-08-17T16:11:12,tabular_data_or_output,no
results_md_progression/final/external_manual_validation_20260817/internal_external_differences.csv,10370,952c1d5d67ad5a8c939641c41473d3327dc5af54ed9fa5954d10a2ee9294b482,2026-08-17T16:11:12,2026-08-17T16:11:12,tabular_data_or_output,no
results_md_progression/final/external_manual_validation_20260817/lowest_dice_cases.csv,16725,06f739f83ef4590df0db012b933b4f95f8f874ca3ac5df813f4112c1709a1ffd,2026-08-17T16:11:12,2026-08-17T16:11:12,tabular_data_or_output,no
results_md_progression/final/external_manual_validation_20260817/MANUSCRIPT_METHODS_RESULTS.md,3987,8d4828cae8c19bc69672cb434f8b34a1b77ae96a84d64021548c49ae3b70dce9,2026-08-17T16:11:29,2026-08-17T16:18:58,documentation_or_other,no
results_md_progression/final/external_manual_validation_20260817/mask_geometry_qc.csv,27184,96fafe482c326cf2157eb93411aaaec481e3781cc2eed943faf0b4e73371b92b,2026-08-17T16:11:12,2026-08-17T16:11:12,tabular_data_or_output,no
results_md_progression/final/external_manual_validation_20260817/performance_summary_patient_clustered.csv,23526,9233089cfba8d2e56d10f823a3a5560656bc7e68653247845831fd1c0e0e03b2,2026-08-17T16:11:12,2026-08-17T16:11:12,tabular_data_or_output,no
results_md_progression/final/external_manual_validation_20260817/reproducibility_manifest.json,5938,207b7943d6d52294fd1950da2bb77fbc22f8a029bc980993435eb71bc789589b,2026-08-17T16:11:29,2026-08-17T16:11:29,configuration_or_machine_readable_output,no
results_md_progression/final/patient_level_md_pebm_20260801/event_order.csv,254,c7edf7ad9c14f67c77a27e0e91d7a530fb48090cdd4ca8dd126f7b8ba25cbdf0,2026-08-01T22:45:37,2026-08-01T22:48:05,tabular_data_or_output,no
results_md_progression/final/patient_level_md_pebm_20260801/mixture_parameters.csv,902,a71d75c64af2ae2daede45706178da0c1e04e3c08958b32cd93ab7ab0c3ad79a,2026-08-01T22:45:37,2026-08-01T22:48:05,tabular_data_or_output,no
results_md_progression/final/patient_level_md_pebm_20260801/pairwise_event_uncertainty.csv,903,da996dcf7d356fe85c0f1757e3357fae998121709a10ce132f389b32c3992d2a,2026-08-01T22:45:37,2026-08-01T22:48:05,tabular_data_or_output,no
results_md_progression/final/patient_level_md_pebm_20260801/patient_level_cohort_and_pebm_stage.csv,7060,1f28e190fb8bc46d7f06ee748d5833bd30775228003841fc7bcef52600151065,2026-08-01T22:45:37,2026-08-01T22:48:05,tabular_data_or_output,no
results_md_progression/final/patient_level_md_pebm_20260801/pebm_summary.json,1755,551efe6785d9fec939f162746efe8d1cb00d29e502c84bb074d6ca78c71b1643,2026-08-01T22:45:38,2026-08-01T22:48:05,configuration_or_machine_readable_output,no
results_md_progression/final/patient_level_md_pebm_20260801/README.md,788,1e3e63ac675384bc966e577b1acd2b0a8618e5cffc924c804aeef64b550b5b87,2026-08-01T22:45:38,2026-08-01T22:48:05,documentation_or_other,no
results_md_progression/final/semicircular_canal_vit_20260731/audit/extraction_audit.json,474,249e08f00d0e72e70c256cfb3cabb693e55838a03e79846500662d9edfdcf3f2,2026-07-31T17:25:24,2026-07-31T14:51:35,configuration_or_machine_readable_output,no
results_md_progression/final/semicircular_canal_vit_20260731/audit/geometry_audit.csv,265339,c2551b1ce0eedab9c64f1607a8f5a8f4d5eef1f16e614e1025762d5d63e367bf,2026-07-31T17:25:14,2026-07-31T14:49:45,tabular_data_or_output,no
results_md_progression/final/semicircular_canal_vit_20260731/audit/source_audit.json,3228,6d19ee04363aec8e475df0b2712773d9c3c51563f9f587de21febb80cec165d3,2026-07-31T17:25:14,2026-07-31T14:49:48,configuration_or_machine_readable_output,no
results_md_progression/final/semicircular_canal_vit_20260731/audit/z2_series_manifest.csv,30301,98452e9303c140c77ac196785ba5bf5276902f4a00645f0cb5712af6c52b2345,2026-07-31T17:25:14,2026-07-31T14:57:36,tabular_data_or_output,no
results_md_progression/final/semicircular_canal_vit_20260731/audit/z2_series_summary.json,318,83facc71db33dbe5abf6153edbac8288142b5a13a2604dfeaa17cff1c54635f8,2026-07-31T17:25:14,2026-07-31T14:57:36,configuration_or_machine_readable_output,no
results_md_progression/final/semicircular_canal_vit_20260731/external_inference/external_inference_summary.json,1524,e8f455b9af3a658994f573f05d53923a6832c0dab92c7186fbc94d61d13ef3a9,2026-07-31T17:06:49,2026-07-31T17:11:43,configuration_or_machine_readable_output,no
results_md_progression/final/semicircular_canal_vit_20260731/external_inference/external_mask_qc.csv,233233,a64c4d679d6686e26f57bc00bddfc847ebe0109678964b2d10e7faf7090414d7,2026-07-31T17:06:49,2026-07-31T17:11:43,tabular_data_or_output,no
results_md_progression/final/semicircular_canal_vit_20260731/external_inference/external_study_qc.csv,26920,2b18dfb71eb920c526711b4745d0f103785a5911565864423070e9a717d954c1,2026-07-31T17:06:49,2026-07-31T17:11:43,tabular_data_or_output,no
results_md_progression/final/semicircular_canal_vit_20260731/external_inference_v2_ensemble/external_inference_summary.json,1765,cad751e08ca05d722dc49e9cce0574b122b22c810dd8f71b44d4952ed237e833,2026-07-31T19:32:58,2026-07-31T19:33:37,configuration_or_machine_readable_output,no
results_md_progression/final/semicircular_canal_vit_20260731/external_inference_v2_ensemble/external_mask_qc.csv,226158,f302ab342e73e523c212c0f96e22176146ffcf7673b947b7fe05fde06ab8f247,2026-07-31T19:32:58,2026-07-31T19:33:37,tabular_data_or_output,no
results_md_progression/final/semicircular_canal_vit_20260731/external_inference_v2_ensemble/external_study_qc.csv,23472,134a200c3a0e64d06b206b82582954bbc944c9b700dff715782b1b87f7dd157c,2026-07-31T19:32:58,2026-07-31T19:33:37,tabular_data_or_output,no
results_md_progression/final/semicircular_canal_vit_20260731/features/external_bilateral_asymmetry.csv,89138,e78afce9e87462fb75434baa14226380ba1f1eb277bd4d96d7eafc8520ccea39,2026-07-31T17:15:43,2026-07-31T17:15:43,tabular_data_or_output,no
results_md_progression/final/semicircular_canal_vit_20260731/features/external_centerlines.csv,136233,ef1de81d8fe2255339a8edbb10136bf421f2d754ede3db21662cbfe31f5ae902,2026-07-31T17:15:43,2026-07-31T17:15:43,tabular_data_or_output,no
results_md_progression/final/semicircular_canal_vit_20260731/features/external_features.csv,267590,fd3dcbb957710a97f0e078a725459ee892be7e96872a07efd19da0fe40836de5,2026-07-31T17:15:43,2026-07-31T17:15:43,tabular_data_or_output,no
results_md_progression/final/semicircular_canal_vit_20260731/features/external_features.json,1362993,afcdee31b56c38c089fdb76d4809c379df0d658aad2fd79b3c3b0a57ed77eeee,2026-07-31T17:15:43,2026-07-31T17:15:43,configuration_or_machine_readable_output,no
results_md_progression/final/semicircular_canal_vit_20260731/features/external_plane_angles.csv,29743,e5dfaab8b7ea3d14fadf09c210d8b7f0b7216d6bb136f97b813e157c20e5f28a,2026-07-31T17:15:43,2026-07-31T17:15:43,tabular_data_or_output,no
results_md_progression/final/semicircular_canal_vit_20260731/features/feature_errors.csv,4367,73b1014eb1095950daba67568edc6baaef3afda7d0825d253e02f211060e4cd1,2026-07-31T17:15:43,2026-07-31T17:15:43,tabular_data_or_output,no
results_md_progression/final/semicircular_canal_vit_20260731/features/feature_extraction_summary.json,384,7bcf2c90571d98d1cdd099116125d923381b48d984dfef2961180d4eda6f80b6,2026-07-31T17:15:43,2026-07-31T17:15:43,configuration_or_machine_readable_output,no
results_md_progression/final/semicircular_canal_vit_20260731/features_v2_ensemble/external_bilateral_asymmetry.csv,88568,bd061e42a4b67dadfee13255612ba9513f5bb331b29556b01c37fd498bbf4c2f,2026-07-31T19:36:12,2026-07-31T19:36:12,tabular_data_or_output,no
results_md_progression/final/semicircular_canal_vit_20260731/features_v2_ensemble/external_centerlines.csv,136734,73eb92f63564702c6edc47cd56f57634f12895413dc707235a70349683dd8ef4,2026-07-31T19:36:12,2026-07-31T19:36:12,tabular_data_or_output,no
results_md_progression/final/semicircular_canal_vit_20260731/features_v2_ensemble/external_features.csv,272888,c6863ecf85d9a122797020e95d5f13576e2f3081796bb9a65b9eb9ccd0dd8f69,2026-07-31T19:36:12,2026-07-31T19:36:12,tabular_data_or_output,no
results_md_progression/final/semicircular_canal_vit_20260731/features_v2_ensemble/external_features.json,1368943,9c6c2232976b5575f683893530697d96c52842fbf793220787b5d0ed8edeaf22,2026-07-31T19:36:12,2026-07-31T19:36:12,configuration_or_machine_readable_output,no
results_md_progression/final/semicircular_canal_vit_20260731/features_v2_ensemble/external_plane_angles.csv,30460,5d61b47eb907006211fda5afa59323fe518e3a5c79454bb1bc2f6a6436702b26,2026-07-31T19:36:12,2026-07-31T19:36:12,tabular_data_or_output,no
results_md_progression/final/semicircular_canal_vit_20260731/features_v2_ensemble/feature_errors.csv,3198,86f23203c271f1c117c21b676ddf2df6c6583cd6768a39e6b91574b19846567a,2026-07-31T19:36:12,2026-07-31T19:36:12,tabular_data_or_output,no
results_md_progression/final/semicircular_canal_vit_20260731/features_v2_ensemble/feature_extraction_summary.json,384,5a7d2c4f0c614e6bf1459f7d172de7a5bfe0c43d1378b24b135db91ea0a25170,2026-07-31T19:36:12,2026-07-31T19:36:12,configuration_or_machine_readable_output,no
results_md_progression/final/semicircular_canal_vit_20260731/model/component_calibration_summary.json,500,9980326570ace238e159eccec2453bd81fff8ce78d0c94a1cb1d684c0872faba,2026-07-31T17:25:14,2026-07-31T16:58:49,configuration_or_machine_readable_output,no
results_md_progression/final/semicircular_canal_vit_20260731/model/internal_test_deployment_metrics.csv,36241,b60a4af32c635c356ca72b1b9ab39af0ec6a8bbbaf8a67e224b96b5b317d4b3f,2026-07-31T17:25:14,2026-07-31T16:59:08,tabular_data_or_output,no
results_md_progression/final/semicircular_canal_vit_20260731/model/internal_test_deployment_summary.json,1706,effe1dbe2bd69b1687eef8568be06138b517e4222482dea956935e04ee5361a2,2026-07-31T17:25:14,2026-07-31T16:59:08,configuration_or_machine_readable_output,no
results_md_progression/final/semicircular_canal_vit_20260731/model/metrics_summary.json,2422,283ec0b43b14634a94e051f364960f728a7fe78f19ca6194e41f855d74471961,2026-07-31T17:25:14,2026-07-31T16:55:18,configuration_or_machine_readable_output,no
results_md_progression/final/semicircular_canal_vit_20260731/model/sample_manifest.csv,82867,e74c16ee76450cfdbcdea654a96c7c5eb8fec0f83536f70b8dc42621999e27e2,2026-07-31T17:25:14,2026-07-31T15:07:03,tabular_data_or_output,no
results_md_progression/final/semicircular_canal_vit_20260731/model/training_history.csv,3673,2710b47851601110f1a6f993c2af22809bdb22184b1a80e6f57de8071b3f0c79,2026-07-31T17:25:14,2026-07-31T16:54:39,tabular_data_or_output,no
results_md_progression/final/semicircular_canal_vit_20260731/model/validation_component_grid.csv,1700,63ede0906ecb688152f3b48bf7286d18db9ebd3a70a139ad4910cfd9d46fa42c,2026-07-31T17:25:14,2026-07-31T16:58:49,tabular_data_or_output,no
results_md_progression/final/semicircular_canal_vit_20260731/model/validation_threshold_grid.csv,1618,cc46ffe8a8fb4e915550cb4c2e4c086baabf52e795b3a97d3a2373cda975283f,2026-07-31T17:25:14,2026-07-31T16:54:44,tabular_data_or_output,no
results_md_progression/final/semicircular_canal_vit_20260731/model_v2_structure_ensemble/internal_test_surface_metrics.csv,34761,c6170acd2cf8d6e99dd1d02cc5d1a4bfbb24b02dfc315940d0ed6de5e40bb96e,2026-07-31T19:44:24,2026-07-31T19:22:47,tabular_data_or_output,no
results_md_progression/final/semicircular_canal_vit_20260731/model_v2_structure_ensemble/internal_test_surface_summary.json,1758,cffbd9e670d0f55b712cd6993b7db752945d64d4bcb11f6f91a042963356a6a9,2026-07-31T19:44:24,2026-07-31T19:22:47,configuration_or_machine_readable_output,no
results_md_progression/final/semicircular_canal_vit_20260731/model_v2_structure_ensemble/metrics_summary.json,2496,e5e0364d3bfb17b11cb0c99a5adc8b5465e9cd4f8067a4bec3f87a762855285c,2026-07-31T19:44:24,2026-07-31T19:21:46,configuration_or_machine_readable_output,no
results_md_progression/final/semicircular_canal_vit_20260731/model_v2_structure_ensemble/postprocessed_metrics_summary.json,1058,3e6248ce25215a7f60fe4af5c94d736cfa87cda0ec492da39ea78e3af7377905,2026-07-31T19:44:24,2026-07-31T19:21:46,configuration_or_machine_readable_output,no
results_md_progression/final/semicircular_canal_vit_20260731/model_v2_structure_ensemble/README.md,1485,1cf66a7b07ee9fde0e1b8ceead6c1afc0c9445c2bc3ddf2e57638dc48300b8ce,2026-07-31T19:44:55,2026-07-31T19:44:55,documentation_or_other,no
results_md_progression/final/semicircular_canal_vit_20260731/model_v2_structure_ensemble/sample_manifest.csv,107545,987d811a7ce4f608132cac3d2d305ec097ffe136857bf4cc7bee117d29fbedcb,2026-07-31T19:44:24,2026-07-31T18:25:43,tabular_data_or_output,no
results_md_progression/final/semicircular_canal_vit_20260731/model_v2_structure_ensemble/training_history.csv,955,b1ed08717d9384a78fbe4e4b5076cf9238f40d8895965b66af2822d8281d047f,2026-07-31T19:44:24,2026-07-31T19:16:52,tabular_data_or_output,no
results_md_progression/final/semicircular_canal_vit_20260731/model_v2_structure_ensemble/union_localizer_metrics_summary.json,1676,3d55ff7e0c94338859119582c5dae370b6e3bee1da4b751e2abbe62b0d02dcfa,2026-07-31T19:44:24,2026-05-10T13:25:14,configuration_or_machine_readable_output,no
results_md_progression/final/semicircular_canal_vit_20260731/model_v2_structure_ensemble/union_localizer_threshold_tuning.csv,480,5755e63e06e88db9b19368a10aada37b83de6b68f69ee6c5dd796cf8a2f1023e,2026-07-31T19:44:24,2026-05-10T13:25:14,tabular_data_or_output,no
results_md_progression/final/semicircular_canal_vit_20260731/model_v2_structure_ensemble/validation_postprocessing_grid.csv,9093,6bf5bfdf536f0cbb6c10c4c5319aabcacadbfa29ef6094100fad21544857dc2f,2026-07-31T19:44:24,2026-07-31T19:21:19,tabular_data_or_output,no
results_md_progression/final/semicircular_canal_vit_20260731/model_v2_structure_ensemble/validation_threshold_grid.csv,1893,5479c42b52cc58ea3b4437eca40a6c8458ce8113793af4a29f87c3c6d6632896,2026-07-31T19:44:24,2026-07-31T19:18:24,tabular_data_or_output,no
results_md_progression/final/semicircular_canal_vit_20260731/RESULTS_SUMMARY.md,4699,95b94a60ed8c813046774dc6e4bfbae6fa1af0331d2a597b2e86e4f0a608253a,2026-07-31T17:25:51,2026-07-31T19:45:36,documentation_or_other,no
results_md_progression/final/semicircular_canal_vit_20260731/workbook_data.json,8379815,1a00bb3dd8f4850b4eaa4fa32a4389067ba4082d788db968bc97f18b97e4fd82,2026-07-31T17:16:46,2026-07-31T17:16:46,configuration_or_machine_readable_output,no
results_md_progression/final/semicircular_canal_vit_20260731/workbook_data_v2.json,8408809,14ce67087e32379e3b94d641a0aa6769a144cd3a56e9f51b699a8a599b94c465,2026-07-31T19:40:44,2026-07-31T19:40:44,configuration_or_machine_readable_output,no
results_md_progression/final/semicircular_canal_vit_20260731/半规管ViT分割与特征_20260731.xlsx,1747347,edddc470d3abf118a8f43dd1af4537ef6d032a8ef1fded019c445a2bbd734117,2026-07-31T17:18:02,2026-07-31T19:42:22,tabular_data_or_output,no
results_md_progression/final/study_design_corrected_20260801/audit/external_center_clinical_linkage.csv,5517,8b0c7c679d8f09cd1bfda1b77e3bacf1b99b2c82f02dc48ebc1f6f54b34ffe2c,2026-08-01T10:30:50,2026-08-01T10:31:10,tabular_data_or_output,no
results_md_progression/final/study_design_corrected_20260801/audit/external_center_inventory.csv,23464,2ef2c0f2ea58887e6f5e3bb966922c7f676737fd4695033e3349e07b5d581c6a,2026-08-01T10:26:19,2026-08-01T10:26:42,tabular_data_or_output,no
results_md_progression/final/study_design_corrected_20260801/audit/external_center_inventory_errors.csv,33,fdd43d3aab8894e9b2f6cdd43fff56a7bd8b8765e1b848ecc85b3410e3a3a0ad,2026-08-01T10:26:31,2026-08-01T10:26:42,tabular_data_or_output,no
results_md_progression/final/study_design_corrected_20260801/audit/external_center_summary.json,2186,b22eabb23b4a1c9b25b51b3af8f65e2542e68b9828ed2b8da22ae7ead387b998,2026-08-01T10:26:31,2026-08-01T10:26:42,configuration_or_machine_readable_output,no
results_md_progression/final/study_design_corrected_20260801/audit/sheet3_deidentified.json,47916,9f4cc80338501f5cf9075f6868d35e72ee6d869a6b757a615017f4e8f31e3f53,2026-08-01T10:29:19,2026-08-01T10:29:19,configuration_or_machine_readable_output,no
results_md_progression/final/study_design_corrected_20260801/audit/sheet3_visit_level_audit.csv,6429,6f56fb339e18c68e2c3c9f1a9bf88c4c980a2ff797cff305e229dbe631968d9c,2026-08-01T10:30:50,2026-08-01T10:31:10,tabular_data_or_output,no
results_md_progression/final/study_design_corrected_20260801/COHORT_AND_ENDPOINT_LOCK.md,1926,0ecce59c7a4f0fe66b970c2db266318f04b22b83e07d8660e93582da349c0c0a,2026-08-01T10:30:50,2026-08-01T10:31:10,documentation_or_other,no
results_md_progression/final/study_design_corrected_20260801/cohort_summary.json,1506,08f24c2634f3426fe66508f5d6ae721ecec19db1b2c64cfc2059c855747fd5e5,2026-08-01T10:30:50,2026-08-01T10:31:10,configuration_or_machine_readable_output,no
results_md_progression/final/study_design_corrected_20260801/OBSOLETE_OUTPUTS.md,570,42cf5757e200cbab308f78149e0027824dbd4c67d75d22dcfd2b7d8bdf699681,2026-08-01T10:30:50,2026-08-01T10:31:10,documentation_or_other,no
results_md_progression/final/内耳MD科研项目进程汇报_博士生组会_20260808.pptx,1643985,6da809d01cd0d120b6098efce40484960feece889f34353c821dc027f9c5dca4,2026-08-08T12:03:06,2026-08-08T12:12:06,document_or_figure,no
results_md_progression/first_round_summary.md,1364,fa9eb51b5dc129e2a51bada0a2ec465cf5792a9cacdf9f3b9d2e2294ec20fa53,2026-07-17T19:50:45,2026-07-18T21:12:20,documentation_or_other,no
results_md_progression/intermediate/all_t2_vit_20260801/additional_training_crops/preparation_summary.json,135062,b34b8844316fd7b4c3ca1ba46c0b4ac63c58cf506f2ca2ac66c1ba9db442cac9,2026-08-01T10:37:45,2026-08-01T10:37:45,configuration_or_machine_readable_output,no
results_md_progression/intermediate/all_t2_vit_20260801/additional_training_crops/sample_manifest.csv,63264,24d5d825aea1b144629675a29b6c4300d7131762281d68e863a394146c7118b8,2026-08-01T10:37:45,2026-08-01T10:37:45,tabular_data_or_output,no
results_md_progression/intermediate/external_manual_override_inference_20260817/external_inference_summary.json,1101,ff03cd699c70f7c44d38706be8bb4db6416d857638b1a7d600e6752064726db0,2026-08-17T16:02:18,2026-08-17T16:02:18,configuration_or_machine_readable_output,no
results_md_progression/intermediate/external_manual_override_inference_20260817/external_mask_qc.csv,5984,78b75868ed842756713fa79f63a6840b856f1933a365d2c123effe2927fd769a,2026-08-17T16:02:18,2026-08-17T16:02:18,tabular_data_or_output,no
results_md_progression/intermediate/external_manual_override_inference_20260817/external_study_qc.csv,783,7739472e0add9d79067565c113bb5826a4f7d5b0ac9620369cabe122dedbd1fa,2026-08-17T16:02:18,2026-08-17T16:02:18,tabular_data_or_output,no
results_md_progression/intermediate/external_manual_validation_20260817_pre_override_qc_invalid/case_match_qc.csv,19325,bfa746c47b47b952f64c380dcc29125ca83dbbba357bcc666c5ee595f7b0e3dc,2026-08-17T15:56:05,2026-08-17T15:56:05,tabular_data_or_output,no
results_md_progression/intermediate/external_manual_validation_20260817_pre_override_qc_invalid/distribution_shift_screen.csv,4304,4eb6145aac724f959495bed7e7e70ea7dc7325e24f98f6084f7d7c08cbefceb2,2026-08-17T15:56:05,2026-08-17T15:56:05,tabular_data_or_output,no
results_md_progression/intermediate/external_manual_validation_20260817_pre_override_qc_invalid/external_segmentation_metrics.csv,234184,9d14ef9e5984931ffbf4b4af28f231aa49f9fd1f1d75c23c214e2f28c11e9d54,2026-08-17T15:56:05,2026-08-17T15:56:05,tabular_data_or_output,no
results_md_progression/intermediate/external_manual_validation_20260817_pre_override_qc_invalid/external_validation_summary.json,2327,43f501893c10edd719456c16a8d912c897651408ffb9a566098c4f39d244d7a3,2026-08-17T15:56:05,2026-08-17T15:56:05,configuration_or_machine_readable_output,no
results_md_progression/intermediate/external_manual_validation_20260817_pre_override_qc_invalid/Figure_1_internal_external_dice.pdf,18320,9f5a5b40f6391a465f23346ff1b8f3539d5fe42b3af646262a6ab9a8a68cdec9,2026-08-17T15:56:06,2026-08-17T15:56:06,document_or_figure,no
results_md_progression/intermediate/external_manual_validation_20260817_pre_override_qc_invalid/Figure_2_external_dice_distribution.pdf,22878,d0ecd556250f5aef6e4380c65fd27e7d94af9466b1effb6be21318e086abd84b,2026-08-17T15:56:07,2026-08-17T15:56:07,document_or_figure,no
results_md_progression/intermediate/external_manual_validation_20260817_pre_override_qc_invalid/Figure_3_volume_agreement.pdf,21293,f5930dbd80285d83337d18eafbbe34cdd709e02157004c8e3495824f6d4c4eee,2026-08-17T15:56:07,2026-08-17T15:56:07,document_or_figure,no
results_md_progression/intermediate/external_manual_validation_20260817_pre_override_qc_invalid/Figure_4_failure_cases.pdf,6000759,8f90de25148280355ca62b00987968bdd9e6f445a3092f4f985c6f6072ca315e,2026-08-17T15:56:19,2026-08-17T15:56:21,document_or_figure,no
results_md_progression/intermediate/external_manual_validation_20260817_pre_override_qc_invalid/image_geometry_profiles.csv,61403,942b5dd190e12b8ff211edd11d27884827900c9e6ea0c9f3026598b67db16a1e,2026-08-17T15:56:05,2026-08-17T15:56:05,tabular_data_or_output,no
results_md_progression/intermediate/external_manual_validation_20260817_pre_override_qc_invalid/internal_external_differences.csv,10312,2afc1609bffa56a146389ffda94b88ea5f9a9f7e743ef9144bb5c4e8da95454a,2026-08-17T15:56:05,2026-08-17T15:56:05,tabular_data_or_output,no
results_md_progression/intermediate/external_manual_validation_20260817_pre_override_qc_invalid/lowest_dice_cases.csv,15896,91cfdc86ccadae728ad10fcf1839a97c64f6310d1254ab624ac22f9ebb812ad2,2026-08-17T15:56:05,2026-08-17T15:56:05,tabular_data_or_output,no
results_md_progression/intermediate/external_manual_validation_20260817_pre_override_qc_invalid/MANUSCRIPT_METHODS_RESULTS.md,3631,a3f3ffa404509dd0c19c13bbf10639a55c8eac398b58f1bfdf8b746e5f8c1d40,2026-08-17T15:56:21,2026-08-17T15:56:21,documentation_or_other,no
results_md_progression/intermediate/external_manual_validation_20260817_pre_override_qc_invalid/mask_geometry_qc.csv,27183,83abcc94c91c20eca2e4a828f36f027cc60a4d2913c6738dc15e9aacd117ef13,2026-08-17T15:56:05,2026-08-17T15:56:05,tabular_data_or_output,no
results_md_progression/intermediate/external_manual_validation_20260817_pre_override_qc_invalid/performance_summary_patient_clustered.csv,23519,448bdff94fd738864cbd0ef6a6bc895a3893e12f299c803297620da5b8dbcb4b,2026-08-17T15:56:05,2026-08-17T15:56:05,tabular_data_or_output,no
results_md_progression/intermediate/external_manual_validation_20260817_pre_override_qc_invalid/reproducibility_manifest.json,5650,4338f648a64642fe085ad31a94bb03edcf60ebdfc0c3591fb1112208b0020b9d,2026-08-17T15:56:21,2026-08-17T15:56:21,configuration_or_machine_readable_output,no
results_md_progression/intermediate/paper/supplementary_file_1.pdf,1668929,73843711a65d20795091c1ff94ee57b71ea11a386fa7558d926d3e7c7b3c5bba,2026-07-13T17:50:52,2026-07-13T17:50:52,document_or_figure,no
results_md_progression/intermediate/paper/supplementary_file_2.pdf,4406701,b18060713fbb9d38d4034fd72be526996b60e019a677f87e8e9619a23edcb577,2026-07-13T17:50:53,2026-07-13T17:50:54,document_or_figure,no
results_md_progression/intermediate/semicircular_canal_vit_20260731/extraction_audit.json,474,249e08f00d0e72e70c256cfb3cabb693e55838a03e79846500662d9edfdcf3f2,2026-07-31T14:51:35,2026-07-31T14:51:35,configuration_or_machine_readable_output,no
results_md_progression/intermediate/semicircular_canal_vit_20260731/source_audit/geometry_audit.csv,265339,c2551b1ce0eedab9c64f1607a8f5a8f4d5eef1f16e614e1025762d5d63e367bf,2026-07-31T14:45:36,2026-07-31T14:49:45,tabular_data_or_output,no
results_md_progression/intermediate/semicircular_canal_vit_20260731/source_audit/source_audit.json,3228,6d19ee04363aec8e475df0b2712773d9c3c51563f9f587de21febb80cec165d3,2026-07-31T14:45:39,2026-07-31T14:49:48,configuration_or_machine_readable_output,no
results_md_progression/intermediate/semicircular_canal_vit_20260731/training/component_calibration_summary.json,500,9980326570ace238e159eccec2453bd81fff8ce78d0c94a1cb1d684c0872faba,2026-07-31T16:57:27,2026-07-31T16:58:49,configuration_or_machine_readable_output,no
results_md_progression/intermediate/semicircular_canal_vit_20260731/training/internal_test_deployment_metrics.csv,36241,b60a4af32c635c356ca72b1b9ab39af0ec6a8bbbaf8a67e224b96b5b317d4b3f,2026-07-31T16:56:04,2026-07-31T16:59:08,tabular_data_or_output,no
results_md_progression/intermediate/semicircular_canal_vit_20260731/training/internal_test_deployment_summary.json,1706,effe1dbe2bd69b1687eef8568be06138b517e4222482dea956935e04ee5361a2,2026-07-31T16:56:04,2026-07-31T16:59:08,configuration_or_machine_readable_output,no
results_md_progression/intermediate/semicircular_canal_vit_20260731/training/internal_test_metrics.csv,15539,7ec7b84bb93b2847c776f706d46f349c3aa61d26650c5657078adc6f30d0139f,2026-07-31T16:55:18,2026-07-31T16:55:18,tabular_data_or_output,no
results_md_progression/intermediate/semicircular_canal_vit_20260731/training/metrics_summary.json,2422,283ec0b43b14634a94e051f364960f728a7fe78f19ca6194e41f855d74471961,2026-07-31T16:55:18,2026-07-31T16:55:18,configuration_or_machine_readable_output,no
results_md_progression/intermediate/semicircular_canal_vit_20260731/training/sample_manifest.csv,82867,e74c16ee76450cfdbcdea654a96c7c5eb8fec0f83536f70b8dc42621999e27e2,2026-07-31T15:07:03,2026-07-31T15:07:03,tabular_data_or_output,no
results_md_progression/intermediate/semicircular_canal_vit_20260731/training/training_history.csv,3673,2710b47851601110f1a6f993c2af22809bdb22184b1a80e6f57de8071b3f0c79,2026-07-31T15:10:18,2026-07-31T16:54:39,tabular_data_or_output,no
results_md_progression/intermediate/semicircular_canal_vit_20260731/training/validation_component_grid.csv,1700,63ede0906ecb688152f3b48bf7286d18db9ebd3a70a139ad4910cfd9d46fa42c,2026-07-31T16:57:27,2026-07-31T16:58:49,tabular_data_or_output,no
results_md_progression/intermediate/semicircular_canal_vit_20260731/training/validation_threshold_grid.csv,1618,cc46ffe8a8fb4e915550cb4c2e4c086baabf52e795b3a97d3a2373cda975283f,2026-07-31T16:54:44,2026-07-31T16:54:44,tabular_data_or_output,no
results_md_progression/intermediate/semicircular_canal_vit_20260731/training_v2_transfer128/sample_manifest.csv,88734,7bb246d99fa624fb7930b373e107071528346e403f2d16004f3a7384f740708c,2026-07-31T18:07:08,2026-07-31T18:07:08,tabular_data_or_output,no
results_md_progression/intermediate/semicircular_canal_vit_20260731/training_v3_predicted_roi_transfer128/attempt_union_head_initialisation/training_history.csv,517,3c1bc971c3d387ea7e04d87b7944a44300193b7276f0b447812ca3b4179aa839,2026-07-31T18:30:25,2026-07-31T18:34:16,tabular_data_or_output,no
results_md_progression/intermediate/semicircular_canal_vit_20260731/training_v3_predicted_roi_transfer128/hybrid_three_channel_128_pretrained.json,1114,50c1756dde9848fb53a5664b73e77fe976eee37886f281839763ac33d612b039,2026-07-31T18:36:26,2026-07-31T18:36:26,configuration_or_machine_readable_output,no
results_md_progression/intermediate/semicircular_canal_vit_20260731/training_v3_predicted_roi_transfer128/sample_manifest.csv,107545,987d811a7ce4f608132cac3d2d305ec097ffe136857bf4cc7bee117d29fbedcb,2026-07-31T18:25:43,2026-07-31T18:25:43,tabular_data_or_output,no
results_md_progression/intermediate/semicircular_canal_vit_20260731/training_v3_predicted_roi_transfer128/training_history.csv,660,2ebd71d97e11f2c1394355bd71d9735d53806093c8520174db4cdee7ed099948,2026-07-31T18:41:28,2026-07-31T18:49:09,tabular_data_or_output,no
results_md_progression/intermediate/semicircular_canal_vit_20260731/training_v4_structure_ensemble/internal_test_deployment_metrics.csv,34761,c6170acd2cf8d6e99dd1d02cc5d1a4bfbb24b02dfc315940d0ed6de5e40bb96e,2026-07-31T19:40:05,2026-07-31T19:22:47,tabular_data_or_output,no
results_md_progression/intermediate/semicircular_canal_vit_20260731/training_v4_structure_ensemble/internal_test_deployment_summary.json,1758,cffbd9e670d0f55b712cd6993b7db752945d64d4bcb11f6f91a042963356a6a9,2026-07-31T19:40:05,2026-07-31T19:22:47,configuration_or_machine_readable_output,no
results_md_progression/intermediate/semicircular_canal_vit_20260731/training_v4_structure_ensemble/internal_test_metrics.csv,15274,d91482776ded7c89fb3ee98507b8022251aa32d26dd31438312f20f58a49c218,2026-07-31T19:19:06,2026-07-31T19:19:06,tabular_data_or_output,no
results_md_progression/intermediate/semicircular_canal_vit_20260731/training_v4_structure_ensemble/internal_test_postprocessed_metrics.csv,15274,8c2102f511b9a7f41d2e35f3cf5224a6c48c1e4da0eeee4fc49f4f0ebe4a950a,2026-07-31T19:21:46,2026-07-31T19:21:46,tabular_data_or_output,no
results_md_progression/intermediate/semicircular_canal_vit_20260731/training_v4_structure_ensemble/internal_test_surface_metrics.csv,34761,c6170acd2cf8d6e99dd1d02cc5d1a4bfbb24b02dfc315940d0ed6de5e40bb96e,2026-07-31T19:22:47,2026-07-31T19:22:47,tabular_data_or_output,no
results_md_progression/intermediate/semicircular_canal_vit_20260731/training_v4_structure_ensemble/internal_test_surface_summary.json,1758,cffbd9e670d0f55b712cd6993b7db752945d64d4bcb11f6f91a042963356a6a9,2026-07-31T19:22:47,2026-07-31T19:22:47,configuration_or_machine_readable_output,no
results_md_progression/intermediate/semicircular_canal_vit_20260731/training_v4_structure_ensemble/metrics_summary.json,2496,e5e0364d3bfb17b11cb0c99a5adc8b5465e9cd4f8067a4bec3f87a762855285c,2026-07-31T19:19:06,2026-07-31T19:21:46,configuration_or_machine_readable_output,no
results_md_progression/intermediate/semicircular_canal_vit_20260731/training_v4_structure_ensemble/postprocessed_metrics_summary.json,1058,3e6248ce25215a7f60fe4af5c94d736cfa87cda0ec492da39ea78e3af7377905,2026-07-31T19:21:46,2026-07-31T19:21:46,configuration_or_machine_readable_output,no
results_md_progression/intermediate/semicircular_canal_vit_20260731/training_v4_structure_ensemble/sample_manifest.csv,107545,987d811a7ce4f608132cac3d2d305ec097ffe136857bf4cc7bee117d29fbedcb,2026-07-31T19:40:05,2026-07-31T18:25:43,tabular_data_or_output,no
results_md_progression/intermediate/semicircular_canal_vit_20260731/training_v4_structure_ensemble/training_history.csv,955,b1ed08717d9384a78fbe4e4b5076cf9238f40d8895965b66af2822d8281d047f,2026-07-31T19:05:33,2026-07-31T19:16:52,tabular_data_or_output,no
results_md_progression/intermediate/semicircular_canal_vit_20260731/training_v4_structure_ensemble/validation_postprocessing_grid.csv,9093,6bf5bfdf536f0cbb6c10c4c5319aabcacadbfa29ef6094100fad21544857dc2f,2026-07-31T19:21:19,2026-07-31T19:21:19,tabular_data_or_output,no
results_md_progression/intermediate/semicircular_canal_vit_20260731/training_v4_structure_ensemble/validation_threshold_grid.csv,1893,5479c42b52cc58ea3b4437eca40a6c8458ce8113793af4a29f87c3c6d6632896,2026-07-31T19:18:24,2026-07-31T19:18:24,tabular_data_or_output,no
results_md_progression/intermediate/semicircular_canal_vit_20260731/z2_prepared/z2_series_manifest.csv,30301,98452e9303c140c77ac196785ba5bf5276902f4a00645f0cb5712af6c52b2345,2026-07-31T14:57:36,2026-07-31T14:57:36,tabular_data_or_output,no
results_md_progression/intermediate/semicircular_canal_vit_20260731/z2_prepared/z2_series_summary.json,318,83facc71db33dbe5abf6153edbac8288142b5a13a2604dfeaa17cff1c54635f8,2026-07-31T14:57:36,2026-07-31T14:57:36,configuration_or_machine_readable_output,no
results_md_progression/intermediate/vendor/pebm/INSTALL.md,436,5d89dcb02c0a620be8b91fab2e6ed866b9bdf0d9519bdcc2a7bd67b6911816c1,2026-07-13T17:49:07,2026-07-13T17:49:07,documentation_or_other,no
results_md_progression/intermediate/vendor/pebm/pebm/__init__.py,200,666f3fb77fe85a7014b7ef97659cbe3ca4c8ca43062d7608d971ef9eb35ec5bb,2026-07-13T17:49:07,2026-07-13T17:49:07,analysis_code,no
results_md_progression/intermediate/vendor/pebm/pebm/datasets/__init__.py,100,a90c1d15f01167840a2a7a6b460f1c27e527ac2a19dc12cb15fc7095b889e750,2026-07-13T17:49:07,2026-07-13T17:49:07,analysis_code,no
results_md_progression/intermediate/vendor/pebm/pebm/datasets/base.py,1806,d5ba362aa646034bf8b388ee325b562b807b06a56faee1cd82d3b47a9e4ecccb,2026-07-13T17:49:07,2026-07-13T17:49:07,analysis_code,no
results_md_progression/intermediate/vendor/pebm/pebm/datasets/data/synthetic_1500_10.csv,96835,d7d1e25cf90d9bf19d79e97bd116751ff0cd978c6dd5aee4202eb748132f7b99,2026-07-13T17:49:07,2026-07-13T17:49:07,tabular_data_or_output,no
results_md_progression/intermediate/vendor/pebm/pebm/datasets/data/synthetic_400_3.csv,15801,a13c46a0ddcdc47984e3e5a60f7c68fd8aedebe7e77e5643aadc2030f0c57f2e,2026-07-13T17:49:07,2026-07-13T17:49:07,tabular_data_or_output,no
results_md_progression/intermediate/vendor/pebm/pebm/datasets/setup.py,357,97f6c2011f4a11c0978d2e8a80d493316008919f6e1953212071fbbf9faeb590,2026-07-13T17:49:07,2026-07-13T17:49:07,analysis_code,no
results_md_progression/intermediate/vendor/pebm/pebm/distributions/__init__.py,126,7ef096812106bb8842c193cecf7dd980b204ada821fab81989061b770b690458,2026-07-13T17:49:07,2026-07-13T17:49:07,analysis_code,no
results_md_progression/intermediate/vendor/pebm/pebm/distributions/gaussian.py,3765,40183c62726b6d43e380b666fdaacd695c0af3ca506798a7062df0eda6e31d74,2026-07-13T17:49:07,2026-07-13T17:49:07,analysis_code,no
results_md_progression/intermediate/vendor/pebm/pebm/event_order/__init__.py,135,3160fe4e2daf5d2012e64c722e85acf814bdea586edb2b72bf7db71f3ccc5e27,2026-07-13T17:49:07,2026-07-13T17:49:07,analysis_code,no
results_md_progression/intermediate/vendor/pebm/pebm/event_order/event_order.py,5066,a020d31ccd5322b4396f6a92edc674934de98356d81581f928219da8aa07b731,2026-07-13T17:49:07,2026-07-13T17:49:07,analysis_code,no
results_md_progression/intermediate/vendor/pebm/pebm/event_order_pebm/__init__.py,359,bcbc092560f4789cd975e41788b1a9d02726a63313ee3f238dc595e51a7f766f,2026-07-13T17:49:07,2026-07-13T17:49:07,analysis_code,no
results_md_progression/intermediate/vendor/pebm/pebm/event_order_pebm/event_order_pebm.py,5225,5c88c4e13133d30d3ecbf761dbada9117cc6fcd92cd2315d4b4419e515bc6e4b,2026-07-13T17:49:07,2026-07-13T17:49:07,analysis_code,no
results_md_progression/intermediate/vendor/pebm/pebm/mcmc/__init__.py,450,3b5eefd1f3e93b74c29da0a5a919e9fb8e8855317e0418c5d500be90a11fedca,2026-07-13T17:49:07,2026-07-13T17:49:07,analysis_code,no
results_md_progression/intermediate/vendor/pebm/pebm/mcmc/mcmc.py,17031,fa297fd1f70efe7fafd46245d97462edd1575acbd241b47365143e9c52b4905e,2026-07-13T17:49:07,2026-07-13T17:49:07,analysis_code,no
results_md_progression/intermediate/vendor/pebm/pebm/mcmc/utils.py,676,c179182091511c01015ff3562f3347dd111ed417eafef7fe7345f10a6ebdf4a4,2026-07-13T17:49:07,2026-07-13T17:49:07,analysis_code,no
results_md_progression/intermediate/vendor/pebm/pebm/mixture_model/__init__.py,345,1499563cef44fb65123107b3c1eac9c58c9649546c6e52386ce3f1816ca4638e,2026-07-13T17:49:07,2026-07-13T17:49:07,analysis_code,no
results_md_progression/intermediate/vendor/pebm/pebm/mixture_model/gmm.py,7739,4dd9c5e26293ffd4fd7c831eb311ac2070532cd31ad333defffc6319d9bcfe94,2026-07-13T17:49:07,2026-07-13T17:49:07,analysis_code,no
results_md_progression/intermediate/vendor/pebm/pebm/mixture_model/kde.py,16497,8748cc235331602684ea3b840a1ad08f5f79e8db3903507f1fd8ea2cbc54acec,2026-07-13T17:49:07,2026-07-13T17:49:07,analysis_code,no
results_md_progression/intermediate/vendor/pebm/pebm/mixture_model/utils.py,3322,917dcc4a8b1c23bb5cd472ac9d318979ed9a6f43e4e135e3805db8dff08a8174,2026-07-13T17:49:07,2026-07-13T17:49:07,analysis_code,no
results_md_progression/intermediate/vendor/pebm/pebm/plotting/__init__.py,263,40b0ed6dbd3be6a1b751de0b95f04fa66e2b5fcc077de78b2f70f18ff2b29010,2026-07-13T17:49:07,2026-07-13T17:49:07,analysis_code,no
results_md_progression/intermediate/vendor/pebm/pebm/plotting/plotting.py,6630,d64ab9dceaa2af550b335024690983b7365d189f49cc6c9379bc495f8c189aa9,2026-07-13T17:49:07,2026-07-13T17:49:07,analysis_code,no
results_md_progression/intermediate/vendor/pebm/pebm/setup.py,843,48ecf9bb4b62ac4ef6244dc03bb61d22e91605610b2cefd5e9f282ae2ad81d90,2026-07-13T17:49:07,2026-07-13T17:49:07,analysis_code,no
results_md_progression/intermediate/vendor/pebm/pebm/tests/__init__.py,66,76ed1dd4c118c0e237c97a95949178879dc3be945330ca84370ded7f66f69fbf,2026-07-13T17:49:07,2026-07-13T17:49:07,analysis_code,no
results_md_progression/intermediate/vendor/pebm/pebm/tests/test_ebm.py,1232,dd2e615659a9cfdc0d6172685ac14262f0052246dc4f0ce87203d81a3d3308b2,2026-07-13T17:49:07,2026-07-13T17:49:07,analysis_code,no
results_md_progression/intermediate/vendor/pebm/pebm/tests/test_gaussian.py,764,b5b5d6a2959d76e4740602c1ac2cf5545aab8c531551f4caf51ed9e1d9874390,2026-07-13T17:49:07,2026-07-13T17:49:07,analysis_code,no
results_md_progression/intermediate/vendor/pebm/pebm/tests/test_mixtures.py,1375,e1b11b3966d7772170819ab3dd85ccf029c324201dc5a9f0829e810fa48faad8,2026-07-13T17:49:07,2026-07-13T17:49:07,analysis_code,no
results_md_progression/intermediate/vendor/pebm/README.md,1253,5465b9a7a1c7753a0714a2a2c45452a137168b9f4763b7cd3d25feed5d074da9,2026-07-13T17:49:07,2026-07-13T17:49:07,documentation_or_other,no
results_md_progression/intermediate/vendor/pebm/setup.py,1778,cffa2d56e231879aa22bf97ac4674e73b8d174690dceabd82ca087bc416c9bcb,2026-07-13T17:49:07,2026-07-13T17:49:07,analysis_code,no
results_md_progression/intermediate/vendor/pebm/walkthrough/.ipynb_checkpoints/pebm_walkthrough-checkpoint.ipynb,311686,b2891c793ffd5c531001bf6b9eda7cb3fb6e5a8eb046317139e2153f77bb6617,2026-07-13T17:49:07,2026-07-13T17:49:07,analysis_code,no
results_md_progression/intermediate/vendor/pebm/walkthrough/pebm_walkthrough.ipynb,311686,b2891c793ffd5c531001bf6b9eda7cb3fb6e5a8eb046317139e2153f77bb6617,2026-07-13T17:49:07,2026-07-13T17:49:07,analysis_code,no
results_md_progression/NEED_CONFIRMATION.md,4233,6c654715d73e86ee9a775b08e65699e59a1720ae1d4aa54498890ff6a494743b,2026-07-13T18:00:41,2026-07-18T21:15:43,documentation_or_other,no
run_all.ps1,423,f2897414f1da8217ffafb3d404062c7a057c93bbb18167037bdc2f40abee9562,2026-07-13T17:54:04,2026-07-13T17:54:04,analysis_code,yes
run_all.py,5568,7beaed263265ffc023b5f85ad248f0de6a4f211ec9f3023cbe1779967444356c,2026-07-13T17:54:04,2026-07-17T19:51:31,analysis_code,yes
scripts/audit_repository.py,19722,babb40e4bfab52a49b6c0d2e4345ca430cb7244c75ed006faaac4c00c997feff,2026-08-24T18:22:33,2026-08-24T18:26:34,analysis_code,no
seg.py,11130,65c8627ebd618c6305fa540e5a5c9c48b192bfe65e728c2859eb7ccc5102c4dc,2026-02-03T16:33:21,2026-08-23T14:25:35,analysis_code,yes
seg3/analysis_out_geometry/angle_summary_stats.csv,198,c45fb024e71ba2b64c2ba6b5d179f56526fb5c638697081e64a24bf6db21f973,2026-05-05T17:12:36,2026-05-05T17:13:24,tabular_data_or_output,no
seg3/analysis_out_geometry/canal_geometry_features.csv,806779,4abcd890c47109e0df327d8298f0b2b75470ff9a5f033803dcfd4cb2a0975dda,2026-05-05T16:29:32,2026-05-05T17:05:21,tabular_data_or_output,no
seg3/analysis_out_geometry/canal_plane_angles_deg.csv,39367,0c2ddabbd87f537b32c0582fbe7f68e8ac7bc600a9978c280c77c6c48e357a61,2026-05-05T16:29:32,2026-05-05T17:05:21,tabular_data_or_output,no
seg3/analysis_out_geometry/ear_angle_volume_summary.csv,42143,aa7d26834e6d317be708797f730fc4f5a0c3cda21154a6ae366f8b77d87362b9,2026-05-05T17:12:36,2026-05-05T17:13:24,tabular_data_or_output,no
seg3/analysis_out_geometry/ear_geometry_features.csv,612431,d3de7d3ca868cecfa84828b80aae778b544b41dc3ca6b889b69138b4b60cb84d,2026-05-05T16:29:32,2026-05-05T17:05:21,tabular_data_or_output,no
seg3/analysis_out_geometry/extraction_diagnostics.csv,137864,2c389d546710b3f4bf1765f433685bba7b07728fa8d0b1ea22ba7b7ce88adac9,2026-05-05T16:29:32,2026-05-05T17:05:21,tabular_data_or_output,no
seg3/analysis_out_geometry/plane_normals.csv,266368,fc813438f3f4534defaa89e85af2d5d04bba3f3a6574e4bdfa500fcd330b4794,2026-05-05T16:29:32,2026-05-05T17:05:21,tabular_data_or_output,no
seg3/analysis_out_geometry/seg3_angle_volume_report.docx,204556,7c6ec2c7d85ad1a054ba1c7dfe9311b29f78a524c2e9a15d5e4390cbf92454d0,2026-05-05T17:14:01,2026-05-05T17:15:04,document_or_figure,no
seg3/analysis_out_geometry/summary.json,1334,3b20752b31b486787369ce13764b1778f773067d54d04c027be2b4fe9c10c339,2026-05-05T16:29:32,2026-05-05T17:05:21,configuration_or_machine_readable_output,no
seg3/analysis_out_geometry/volume_summary_stats.csv,387,ae90abd559648430a83a118ce4c97e8bd586d2e514b5cc1bd9a0bec67ee303d0,2026-05-05T17:12:36,2026-05-05T17:13:24,tabular_data_or_output,no
seg3/analysis_out_geometry/volumes_mm3.csv,165175,8b7ee2a3a2c659aa318c9cf7166902c995683bbea881c9b4e300ff392b22ddff,2026-05-05T16:29:32,2026-05-05T17:05:21,tabular_data_or_output,no
seg3/说明.docx,10541,60504711ed25a3c845311b3a045edf538831c7302c4c7f90c6d06c8bf62961ac,2026-05-04T18:28:10,2026-02-07T09:10:36,document_or_figure,no
seg4/说明.docx,10541,60504711ed25a3c845311b3a045edf538831c7302c4c7f90c6d06c8bf62961ac,2026-05-22T09:11:38,2026-02-07T09:10:36,document_or_figure,no
seg_plane_vis.py,16224,4565e66944c9bafed34cdac00f8dbe1df0f006861418f3f047c2d6f5a36ddaef,2026-02-03T16:47:34,2026-08-23T14:25:35,analysis_code,yes
src/00_config.py,742,6a3eccbb1f52bb52ba285d51a78eb87d9b4f71275c4fc3aa4e1b6ec976071243,2026-07-13T17:55:21,2026-07-13T17:55:21,analysis_code,yes
src/01_inventory_files.py,2539,32a958cb2ceba36f889c72d93fa8dd930ea7f95dae71105aaaa13b362c242205,2026-07-13T17:55:21,2026-07-17T19:43:12,analysis_code,yes
src/02_audit_clinical_data.py,10625,8c65be87ad0492f0fab15d670c95ea75c8391f6ba7f8aa5949a3c756d922a23c,2026-07-13T17:55:21,2026-07-17T16:39:35,analysis_code,yes
src/03_link_patient_ear.py,7483,115488b8cb9345b56945404b6d071ff65deab00426cdd8394a0f7adc681cf782,2026-07-13T17:55:21,2026-07-17T16:39:35,analysis_code,yes
src/04_segmentation_qc.py,6848,5eacc34f41a89a90a6462083ace7abe3e5365de6dbf756c29046bf92bd83ad8a,2026-07-13T17:56:14,2026-07-17T16:37:55,analysis_code,yes
src/05_extract_inner_ear_morphometry.py,15070,2b8e2c9f886037a0d9f90c77a1ef51a62c52926e9d2111037288f17b33bf0160,2026-07-13T17:56:14,2026-07-17T16:42:12,analysis_code,yes
src/06_build_morphology_scores.py,103,7140789cecf115526d1dff957a2712c2236d1bd786a668c9792b283e53d1fdae,2026-07-13T17:57:16,2026-07-13T17:57:16,analysis_code,yes
src/07_anatomical_endotyping.py,95,624af2088008e1a4262e3fc204ca64e8a99a0384f29cb5a2ae78a1cc4a4119f7,2026-07-13T17:57:16,2026-07-13T17:57:16,analysis_code,yes
src/08_prepare_pebm_biomarkers.py,111,b6a6955336e225377227c1744efcb6e7807bc91e40641b302782190a66781d4f,2026-07-13T17:57:16,2026-07-13T17:57:16,analysis_code,yes
src/09_fit_event_distributions.py,442,787b892a5f51663e635513174d1fc23cd4cde82ee0e7900bff64ff74c0698b13,2026-07-13T17:57:16,2026-07-13T17:57:54,analysis_code,yes
src/10_run_serial_ebm.py,103,de6e77e45e0fa008f118ec31b5c428a7cd6ce4a28a324b57678c993cd5784f72,2026-07-13T17:57:16,2026-07-13T17:57:16,analysis_code,yes
src/11_run_pebm.py,6724,ff09085cf63f20f6738c8fd9b7ca4da50db9763d723414da7af77b7380987709,2026-07-13T17:57:16,2026-07-13T18:00:17,analysis_code,yes
src/12_pebm_uncertainty.py,101,f62a866f79e250a8f81f4342b23a9dd6dca79d0adcf0d1f387235a88c2de4d5f,2026-07-13T17:57:16,2026-07-13T17:57:16,analysis_code,yes
src/13_patient_staging.py,821,e3c8408b6012400cbd4ccbb2d6c6a478b8b12afcc907949cb91e7b272438ce30,2026-07-13T17:57:16,2026-07-13T17:57:54,analysis_code,yes
src/14_minimal_biomarker_panel.py,97,6d995fc3e577cadabf9bab06f43e5b83cd4477f8946799511921e72b4c1eaaf3,2026-07-13T17:57:16,2026-07-13T17:57:16,analysis_code,yes
src/15_compare_pta_pebm.py,101,c2d89f4b2789caf42cc1636bdf81ba4c43f00c1e516db03b2dbf6290cbd5d0dc,2026-07-13T17:57:16,2026-07-13T17:57:16,analysis_code,yes
src/16_run_sustain_exploratory.py,110,f11cc7307c5c4c7d9cc6b39955b39ec2009f194c12d8355e7daa42bbdf9ce839,2026-07-13T17:57:16,2026-07-13T17:57:16,analysis_code,yes
src/17_sensitivity_analysis.py,94,6e0e88fdf56d5aa024f7b244e9bba8d596d9a902c297247ec2b3bb1a8251efb8,2026-07-13T17:57:16,2026-07-13T17:57:16,analysis_code,yes
src/18_longitudinal_validation.py,97,4d85f19199194bdd90135ddada22cb6816c4af4420d216241cb0b2735abb50fa,2026-07-13T17:57:16,2026-07-13T17:57:16,analysis_code,yes
src/19_generate_figures.py,87,03d954c290d169a8ec02acece5e21fe5a3d86180b9ad55aea8aea1068780daf9,2026-07-13T17:57:16,2026-07-13T17:57:16,analysis_code,yes
src/20_generate_tables.py,86,31f72daf8cca1d7b8ecbbb87840d3490531b94f3fc8ddcbcaebc23ca49be3854,2026-07-13T17:57:16,2026-07-13T17:57:16,analysis_code,yes
src/21_generate_report.py,85,5b46a312ced162b1f412e4141db9945b77516311ff2a8533f507db7982db1c35,2026-07-13T17:57:16,2026-07-13T17:57:16,analysis_code,yes
src/22_audit_reorganized_data.py,9837,8f4b1735fc2825bb85fd607f532502b16167186a8c027a2b3468a853e38018d0,2026-07-31T11:14:08,2026-07-31T11:29:54,analysis_code,yes
src/23_run_clinical_pebm_validation.py,27775,460a1745ac3be17e0edb5e093c87bf221f0f01aad87b547369cb92b807df1b5e,2026-07-31T11:17:11,2026-07-31T11:22:05,analysis_code,yes
src/24_verify_segmentation_sources.py,6559,2a83ad743da63533d34b4599b240f4e8df674d74eb66610b14de8c9b7c1262db,2026-07-31T14:44:17,2026-07-31T14:48:36,analysis_code,yes
src/25_extract_z2_dicom.ps1,1140,740e04263786e4e47105e2634daadb79be95f70a901446781ccfe9d66dd4385c,2026-07-31T14:45:06,2026-07-31T14:45:06,analysis_code,yes
src/25_extract_z2_dicom.py,2052,1f554f9561338541a6ec52d51f3875f8c400a04d3b4f67628cc5df02d1a42795,2026-07-31T14:48:36,2026-07-31T14:51:14,analysis_code,yes
src/26_train_semicircular_canal_vit.py,19689,f48bbd9559f5b6e4b55d26d14036b20f5a82bfe1138a81cb65e4932df7209880,2026-07-31T14:47:39,2026-07-31T15:38:14,analysis_code,yes
src/27_prepare_z2_nifti.py,4882,976ac28fe503ab21d58d88ebed0ea9230fbffbec5311b03624edb68c634bd8f4,2026-07-31T14:54:26,2026-07-31T14:54:26,analysis_code,yes
src/28_infer_z2_semicircular_canal.py,10678,32687ba4097c435202313ff80a3925d5b1e1b84daa3edcffa9485545f93750f2,2026-07-31T14:55:51,2026-07-31T17:08:11,analysis_code,yes
src/29_extract_predicted_canal_features.py,10196,8400741d27e3a3fbd1196a1bb5be411de33c9d26e1c8189e74daf14b8681a0c0,2026-07-31T14:57:24,2026-07-31T17:14:20,analysis_code,yes
src/30_internal_test_surface_metrics.py,6234,3321bd7074a19a95a6d9051be0c60dab6caf478e17eb9c08a8737b677adab08c,2026-07-31T15:00:50,2026-07-31T16:58:17,analysis_code,yes
src/31_prepare_canal_workbook_data.py,18288,a6bf4c4cd29958db45403887b1f0f436ab2c222b5bc422a9d1dc666e24f20d75,2026-07-31T15:03:19,2026-07-31T19:39:45,analysis_code,yes
src/32_calibrate_component_postprocessing.py,5963,270644114bbef76e7276fd619ac5ef9a89c00a8e3693f239d076c060e2afdf40,2026-07-31T16:56:58,2026-07-31T16:58:17,analysis_code,yes
src/33_reclassify_external_qc.py,2647,e36222d9645585e83206d0d586456af4042e1343418f52f79892e007f04c2059,2026-07-31T17:08:11,2026-07-31T17:08:11,analysis_code,yes
src/34_make_external_qc_montages.py,3327,ba41aff46b71ecf73378954e9945c9c4cc5afc6248d75f95a69c869da7174149,2026-07-31T17:09:01,2026-07-31T17:09:01,analysis_code,yes
src/35_add_external_volume_plausibility_qc.py,3842,0e4da4239416e427040bfeb4ec55864cd1a0e5fd64706f78e6ec3cd7c8bd71fb,2026-07-31T17:11:34,2026-07-31T17:11:34,analysis_code,yes
src/36_train_semicircular_canal_vit_transfer128.py,25820,e7e817eca0ffa7ec1b849760445888e812e4031ab7f08ce1ed212e7ce0832bdb,2026-07-31T17:46:37,2026-07-31T17:51:40,analysis_code,yes
src/37_prepare_predicted_roi_crops.py,9181,ab37c22941f3e8127706012c10a9d9e50b331b6695650a2105a1d35f50776a83,2026-07-31T18:09:48,2026-07-31T18:09:48,analysis_code,yes
src/38_build_hybrid_three_channel_checkpoint.py,2672,ce5c507c5c56eb6c308608af07526b6dc050f96bb9b1b259cf503482c5ec9e9d,2026-07-31T18:36:13,2026-07-31T18:36:13,analysis_code,yes
src/39_train_structure_specific_vit_ensemble.py,20007,d45556b077879ffbba814730d911f4372d4244c4b1f1614f14c7123f1eebf774,2026-07-31T18:53:44,2026-07-31T18:53:44,analysis_code,yes
src/40_finalize_structure_ensemble.py,5375,29177f0f83d5fdeca633c4479e5b1b4f25d4b2928543ebc0709f3bb06fa7408a,2026-07-31T19:17:53,2026-07-31T19:17:53,analysis_code,yes
src/41_calibrate_ensemble_postprocessing.py,7803,2ad610097359068c7c40573ef68a8d195e9b2a09e6c03e0b190e4da7c39868ad,2026-07-31T19:20:04,2026-07-31T19:20:04,analysis_code,yes
src/42_evaluate_ensemble_surface_metrics.py,5716,866c3563a7defe9c93cb094abff10e55506c79ab567d33707ea72b10b0020afc,2026-07-31T19:22:28,2026-07-31T19:22:28,analysis_code,yes
src/43_infer_z2_structure_ensemble.py,15852,4085c9e89620892972dad4d07336cf460d079b24599f11b1727ca75b20741820,2026-07-31T19:23:11,2026-08-17T16:01:27,analysis_code,yes
src/44_run_z2_clinical_pebm.py,19750,db93e1b4a6fbdcbb2edf8cfe46b7ae11b1191b0c55c5719dee86d5ccd815b0d4,2026-08-01T10:09:25,2026-08-01T10:16:42,analysis_code,yes
src/45_audit_external_centers.py,5993,375748fea6f3d45224bf2bbf1eac4edfe33aa6e5a4ec03bec98fcf30bafe7149,2026-08-01T10:26:07,2026-08-01T10:26:38,analysis_code,yes
src/46_build_corrected_cohort_spec.py,11053,a5e3b6875d4a352bca1aa79b0d949ad66bf4b334e08601893b28d7a875192f3b,2026-08-01T10:30:44,2026-08-01T10:31:04,analysis_code,yes
src/47_prepare_additional_t2_structure_crops.py,5642,fa01a02feda8e2ceb1b6ab576bfed776454c7b841e01e3a0694ca81c43b02750,2026-08-01T10:32:07,2026-08-01T10:32:07,analysis_code,yes
src/48_train_additional_t2_vit.py,20098,4f07f4766568c412fdf22ba684652bf0bc02116ea6f99e694a0d5f1c5f3f03b5,2026-08-01T10:39:46,2026-08-01T10:50:07,analysis_code,yes
src/49_infer_additional_t2_external_centers.py,15321,75dce8c778b8944517d590a11256070c1c5da76b2358723d994c4c6cb5fe34f4,2026-08-01T22:26:43,2026-08-01T22:26:56,analysis_code,yes
src/50_make_all_t2_external_qc_montages.py,5394,d9370bb1130593691418fa99b16d2add973a16390725785a798f98cbe95f0808,2026-08-01T22:34:37,2026-08-01T22:34:37,analysis_code,yes
src/51_extract_all_t2_external_features.py,15538,b300fae42338cdddd00d04816d6ffab4f81af7d8baeec394b622df4fa6cbf530,2026-08-01T22:38:24,2026-08-01T22:38:24,analysis_code,yes
src/52_run_patient_level_md_pebm.py,18959,347fd8f30531b766eca1af0ce77dd3a88a7e7cd7460b75a5f06dfd222808b27a,2026-08-01T22:43:46,2026-08-01T22:47:52,analysis_code,yes
src/53_evaluate_external_manual_masks.py,45073,5435a3b26e4c785ff95c69ab336461ce6bf8d6c426a578bd9ef95c320c78fbec,2026-08-17T15:42:26,2026-08-17T16:19:08,analysis_code,yes
src/bootstrap_utils.py,315,02dd68f33410d524c7a9cb51a7362f20d75044b8a5e067fab893253a5d73de10,2026-07-13T17:57:54,2026-07-13T17:57:54,analysis_code,yes
src/mdp_utils.py,8279,5486f2dc31a5b44d13f2b2f00334389f6fc8c7d768bb74c8050ef5f26a29ca85,2026-07-13T17:54:04,2026-07-17T16:30:10,analysis_code,yes
tests/conftest.py,397,2638e359ffbd3712523ca11046cb1270508b5bff39b2a8ece9871b510542bf35,2026-07-13T17:57:54,2026-07-13T17:58:01,analysis_code,yes
tests/test_canal_geometry.py,840,39d8ed54089c63e35ed933230fad8b71d3f9683f5b826c4db99caa15c26323d3,2026-07-17T16:27:00,2026-07-17T16:27:00,analysis_code,yes
tests/test_cluster_bootstrap.py,347,a4eec0efc8aa8cbe88e70046f8b0e06ed5560673d455cf9c971e5cfd4869afef,2026-07-13T17:57:55,2026-07-13T17:57:55,analysis_code,yes
tests/test_event_pdf.py,241,13aaf278d0179e1ab1840481c9f2bf057ca8993b7369b65469204d0fed60e81f,2026-07-13T17:57:54,2026-07-13T17:57:54,analysis_code,yes
tests/test_geometry_units.py,419,41430225cde3cb2358ed82abd32aabafdea858d53dba6b341bd7e0b505372bdc,2026-07-13T17:57:54,2026-07-13T17:57:54,analysis_code,yes
tests/test_patient_ear_linkage.py,202,a36388a5e96487d2c761f3bab131e9eae2c357c086e02e313023182bce4e5950,2026-07-13T17:57:54,2026-07-13T17:57:54,analysis_code,yes
tests/test_patient_staging.py,352,4b150deee4452e7ba96d1a44e6d81a2dd0d13a5c0d7c56ec8bea1e227d47ba17,2026-07-13T17:57:55,2026-07-13T17:57:55,analysis_code,yes
tests/test_pebm_simulation.py,424,dcd2adf91914924bca1c4f4f6fd795e8e13a1c6e4be662a941f16fa8a4041cd4,2026-07-13T17:57:55,2026-07-13T17:57:55,analysis_code,yes
xjj内耳分割/analysis_out/angle_ratio_model/angle_ratio_training_dataset.csv,12047,a945c0223012c7a6a4fa5314f4def4d79ccc6bc0acd994ea34b0d5ee2ec89f25,2026-04-06T20:38:12,2026-04-06T20:38:12,tabular_data_or_output,no
xjj内耳分割/analysis_out/angle_ratio_model/cv_predictions.csv,14002,643bbe9b684fc9fa7fa4b00e3270adaf9c059532fa4a7e87b3d978975c180418,2026-04-06T20:38:12,2026-04-06T20:38:12,tabular_data_or_output,no
xjj内耳分割/analysis_out/angle_ratio_model/feature_importance.csv,788,07ce127fe7e317b6e8a4060d20160faebc1f7a000bae874ee6720996bef7e40e,2026-04-06T20:38:12,2026-04-06T20:38:12,tabular_data_or_output,no
xjj内耳分割/analysis_out/angle_ratio_model/model_comparison.csv,341,fb4929aad83fec13a33937f3fee306c02e72b258f5b8b37d1c01abad9673c734,2026-04-06T20:38:12,2026-04-06T20:38:12,tabular_data_or_output,no
xjj内耳分割/analysis_out/angle_ratio_model/summary.json,1344,7c875909e7d7007b4a2744c75ece33dd45d7a6c5a226fe9efeb24c112fef51e4,2026-04-06T20:38:12,2026-04-06T20:38:12,configuration_or_machine_readable_output,no
xjj内耳分割/analysis_out/angle_ratio_predictions/predicted_ratio.csv,12242,93b9bb9bc19b8ded89c419597064aa0e60ec6d3f7e55a1ef1eb8bb299e590275,2026-04-06T20:38:24,2026-04-06T20:38:24,tabular_data_or_output,no
xjj内耳分割/analysis_out/canal_plane_angles_deg.csv,6135,99a11bde007d6adf481c1f199576f2504dfe99c8082740cb3d9202a6248c5b8b,2026-02-03T16:41:32,2026-02-03T16:41:32,tabular_data_or_output,no
xjj内耳分割/analysis_out/plane_normals.csv,27335,eacddb3e457606cc10cde4f7bdde79212acf81849d4633a5117b79c7795f589e,2026-02-03T16:41:32,2026-02-03T16:41:32,tabular_data_or_output,no
xjj内耳分割/analysis_out/volumes_mm3.csv,13904,b028bfd5c3ae67f72fc1dfb145eeb34636e273da6f8736e0ebda27dff8ffa2cb,2026-02-03T16:41:32,2026-02-03T16:41:32,tabular_data_or_output,no
xjj内耳分割/说明.docx,10776,cacf3108cc39221d282f394ff0bc6ce887c389919361b6d9c367aaf080ba8496,2025-08-15T10:35:26,2026-02-02T16:30:57,document_or_figure,no
xjj内耳分割2/analysis_out_geometry/canal_geometry_features.csv,415238,bbc87e0467aa12d2ff663345087837963cbd52ff31b5a9d43d1af20f0955360b,2026-04-06T21:39:32,2026-04-06T21:39:32,tabular_data_or_output,no
xjj内耳分割2/analysis_out_geometry/canal_plane_angles_deg.csv,19541,8fbfbca7addc8a7c36107ee518d61419c04ebd90f68f957f51a3333ef543315c,2026-04-06T21:39:32,2026-04-06T21:39:32,tabular_data_or_output,no
xjj内耳分割2/analysis_out_geometry/ear_geometry_features.csv,309917,0706e9c812c8194d081b4381cd6b7b8e960d4db68adfad0ab5d88933a3e0d1d0,2026-04-06T21:39:32,2026-04-06T21:39:32,tabular_data_or_output,no
xjj内耳分割2/analysis_out_geometry/extraction_diagnostics.csv,77721,0d230623c1a4eb9d55b8c9ac31a884aa7dcd7665d2c65f834745342ac485da50,2026-04-06T21:39:32,2026-04-06T21:39:32,tabular_data_or_output,no
xjj内耳分割2/analysis_out_geometry/geometry_model/cv_predictions.csv,27346,e4a46c6b8316a6c9969b4ed9d0bbac65a45a077b48520aa9f47b1014384d4f1e,2026-04-06T21:40:45,2026-04-06T21:44:08,tabular_data_or_output,no
xjj内耳分割2/analysis_out_geometry/geometry_model/feature_importance.csv,35,8d267293de90612f43801d8a0a1690ab88db7816655d1ee3efdb56da33af6ab2,2026-04-06T21:40:45,2026-04-06T21:44:08,tabular_data_or_output,no
xjj内耳分割2/analysis_out_geometry/geometry_model/model_comparison.csv,553,dbb24c3b21b8186edff18284fa0a379ad0a601d7d2b30d0839976f67b499abdb,2026-04-06T21:40:45,2026-04-06T21:44:08,tabular_data_or_output,no
xjj内耳分割2/analysis_out_geometry/geometry_model/summary.json,1126,398ebd86820e8ba2d580ab6df98c9394724c9b4cfaae9594acca60ed7f56d61e,2026-04-06T21:40:45,2026-04-06T21:44:08,configuration_or_machine_readable_output,no
xjj内耳分割2/analysis_out_geometry/geometry_model/training_dataset.csv,316903,b690c8624576b9d8ed759f40b1bdbeee06d54aec7cbb05a73a77ea5b662251e9,2026-04-06T21:40:45,2026-04-06T21:44:08,tabular_data_or_output,no
xjj内耳分割2/analysis_out_geometry/geometry_model_k12/cv_predictions.csv,27330,fc1c86c82540ce02c3518e5e6065173b968a79643ddb1c40fe1cb61bb55a7698,2026-04-06T21:42:20,2026-04-06T21:42:20,tabular_data_or_output,no
xjj内耳分割2/analysis_out_geometry/geometry_model_k12/feature_importance.csv,937,c1b7364597eb407904bd9caf3047b3cc2aacdaad831b4290be3bcc56ff40dfe4,2026-04-06T21:42:20,2026-04-06T21:42:20,tabular_data_or_output,no
xjj内耳分割2/analysis_out_geometry/geometry_model_k12/model_comparison.csv,553,665193f042ed14b988db89d075245604cbfc6e280cd942beebaaf15bfac91e44,2026-04-06T21:42:20,2026-04-06T21:42:20,tabular_data_or_output,no
xjj内耳分割2/analysis_out_geometry/geometry_model_k12/summary.json,1105,49e47a3c0a46fc343f031b5234cf51aec5c292ccff3f2729f8bed4220dd5dc0d,2026-04-06T21:42:20,2026-04-06T21:42:20,configuration_or_machine_readable_output,no
xjj内耳分割2/analysis_out_geometry/geometry_model_k12/training_dataset.csv,316903,b690c8624576b9d8ed759f40b1bdbeee06d54aec7cbb05a73a77ea5b662251e9,2026-04-06T21:42:20,2026-04-06T21:42:20,tabular_data_or_output,no
xjj内耳分割2/analysis_out_geometry/geometry_predictions/predictions.csv,5370,b29c8cf3bfb11174e213ade3c1f9338fbe9ea3cd0a24037f6c1a1d34b495e3db,2026-04-06T21:44:18,2026-04-06T21:44:18,tabular_data_or_output,no
xjj内耳分割2/analysis_out_geometry/plane_normals.csv,141919,c35fb31f288f8eb1fd1ccd36ed19331e5fee11945ba3a4ae495487f024d0005c,2026-04-06T21:39:32,2026-04-06T21:39:32,tabular_data_or_output,no
xjj内耳分割2/analysis_out_geometry/summary.json,1427,ad90b8bb1586c4299ae1a95d293186ba2086bff758a65e5ae189edc7331db99f,2026-04-06T21:39:32,2026-04-06T21:39:32,configuration_or_machine_readable_output,no
xjj内耳分割2/analysis_out_geometry/volumes_mm3.csv,109700,db947daccf1231b612ba187f638e8d818ba2f7915b6e5302631f251ff0863ef1,2026-04-06T21:39:32,2026-04-06T21:39:32,tabular_data_or_output,no
xjj内耳分割2/analysis_out_s20/angle_ratio_model_py312/angle_ratio_training_dataset.csv,10572,e1f587ac8d3577e2993cd358265ebebedf551063d9bb0f79bdb589333e0fb93b,2026-04-06T21:42:38,2026-04-06T21:42:38,tabular_data_or_output,no
xjj内耳分割2/analysis_out_s20/angle_ratio_model_py312/cv_predictions.csv,14240,386ebe2f848b7d2d3745c6ef74f17e11d38e1510dccbaaaf17b387b18e20d774,2026-04-06T21:42:38,2026-04-06T21:42:38,tabular_data_or_output,no
xjj内耳分割2/analysis_out_s20/angle_ratio_model_py312/feature_importance.csv,784,cec63ff3e7bfc481759505327e332e5ee77563797d9124630ee56fde16260e2c,2026-04-06T21:42:38,2026-04-06T21:42:38,tabular_data_or_output,no
xjj内耳分割2/analysis_out_s20/angle_ratio_model_py312/model_comparison.csv,343,e641bf9e55c92ec5472f47fe4cdb3d7bea08c64f280c811d62f73f6875267c98,2026-04-06T21:42:38,2026-04-06T21:42:38,tabular_data_or_output,no
xjj内耳分割2/analysis_out_s20/angle_ratio_model_py312/summary.json,1418,c0daaf62d9c10e4f2c73949e6f831832b2790ae7cdc92344cdce0223933d8635,2026-04-06T21:42:38,2026-04-06T21:42:38,configuration_or_machine_readable_output,no
xjj内耳分割2/analysis_out_s20/canal_plane_angles_deg.csv,13858,6fdfa3b63aeeef74b70819e47dc689778214f34b4b9f7036229199cae144d748,2026-04-06T21:20:25,2026-04-06T21:20:25,tabular_data_or_output,no
xjj内耳分割2/analysis_out_s20/plane_normals.csv,103781,f357518fabc3c6a92e395ac9e9ced5f45eeab2d3c8224e81073ef050e861fab0,2026-04-06T21:20:25,2026-04-06T21:20:25,tabular_data_or_output,no
xjj内耳分割2/analysis_out_s20/volumes_mm3.csv,109701,31ce2db70c6dd81e0c900d576af61996f2162521908463fb56c406beaec225e8,2026-04-06T21:20:25,2026-04-06T21:20:25,tabular_data_or_output,no
xjj内耳分割2/analysis_out_s20/xjj内耳分割2_角度计算建模结果总结.docx,1941310,7ad5d354376557c40e48584cb9a167ab64391eb65405191b256a068b243877c6,2026-04-06T21:20:25,2026-04-06T21:20:25,document_or_figure,no
xjj内耳分割2/说明.docx,10541,60504711ed25a3c845311b3a045edf538831c7302c4c7f90c6d06c8bf62961ac,2026-04-02T09:52:02,2026-02-07T09:10:36,document_or_figure,no
半规管空间结构人工智能MD.pdf,1233091,f9f033645559323db0653d94a774932a9a2952bb9aff38a3aa5927ca5c1164ee,2025-07-30T16:52:20,2025-07-30T16:52:13,document_or_figure,no
