source_name,logical_source,sha256,rows,columns,date_range,identifier_structure,analysis_level,phi_status,included_in_git
MD患者评估20260713.xlsx,protected local clinical workbook,5a25d6746a31fc19c9f3c7c76b0ca16d1e96afd3a0d3c96c2188c377c9aebb72,丽水:158x13; 浙二MD:112x37; 浙二:206x23,13/37/23 by sheet,浙二MD.扫描日期:2023-01-07..2026-06-28,site-specific numeric ID; separate patient-level number; direct identifiers also present,ear-level sheets 1 and 3; patient-level sheet 2; repeat visits present,PHI/direct identifiers - restricted,no
中心2外部验证1.rar,external validation 1 manual-mask archive,4c85b08b0da171d220ba5d8bd324bc96b9ee921d989204baf104e21e50aa4853,not applicable,not applicable,not extracted at audit checkpoint,archive names/folders may contain study or patient identifiers,center/patient/ear/structure,potentially identifiable imaging - restricted,no
中心3外部验证2.rar,external validation 2 manual-mask archive,d199edd25dbf7490c9959bedf739859339c0b0760be1eb7e54a3c32777fdba56,not applicable,not applicable,not extracted at audit checkpoint,archive names/folders may contain study or patient identifiers,center/patient/ear/structure,potentially identifiable imaging - restricted,no
丽水-xjj内耳分割4.rar,primary Lishui development segmentation archive,557277832f2b65d65315093bbbc47974129be980e98e175efc9996bd0ba9aa04,not applicable,not applicable,not extracted at audit checkpoint,archive names/folders may contain study or patient identifiers,patient/ear/structure,potentially identifiable imaging - restricted,no
浙二1-1.rar,external validation 1 imaging archive batch,c3c09f65399f66d1a40b39aead83748deee8eaf4679a8f8904ca7055d03b3782,not applicable,not applicable,not extracted at audit checkpoint,archive names/folders may contain study or patient identifiers,patient/study/series,potentially identifiable imaging - restricted,no
浙二1-2.rar,external validation 1 imaging archive batch,e9e79e87725b0a1d2c8066b7ded75859f40778b95f02082f33bc5360c0fbd9f0,not applicable,not applicable,not extracted at audit checkpoint,archive names/folders may contain study or patient identifiers,patient/study/series,potentially identifiable imaging - restricted,no
浙二2-1.rar,external validation 2 imaging archive batch,453d4f291772d1df6464b581b43c19e0d384d50a58658b505ea2817f23ed10bf,not applicable,not applicable,not extracted at audit checkpoint,archive names/folders may contain study or patient identifiers,patient/study/series,potentially identifiable imaging - restricted,no
浙二2-2.rar,external validation 2 imaging archive batch,01b14daf8a2bbfbb6bf682767ce70fae97979dc8f775aaba5f08f0bd0c8fe727,not applicable,not applicable,not extracted at audit checkpoint,archive names/folders may contain study or patient identifiers,patient/study/series,potentially identifiable imaging - restricted,no
浙二2例新.rar,external validation 2 imaging archive addendum,8cd83254e72032c3d0a83bd1f85e8474e7fa686869c0ede43a5080179f351afd,not applicable,not applicable,not extracted at audit checkpoint,archive names/folders may contain study or patient identifiers,patient/study/series,potentially identifiable imaging - restricted,no
